structure,HADDOCK-score,Helix,Sheet,Turn,Coil,All
3J95_29w.pdb,-1547.893235,405,1586,808,493,3292
3J95_20w.pdb,-1524.419142,407,1601,790,486,3284
3J95_37w.pdb,-1516.09243,411,1607,772,490,3280
3J95_3w.pdb,-1498.540904,412,1591,811,487,3301
