structure,HADDOCK-score,clashscore,ramaoutliers,rotameroutliers,molprobety-score
3J95_29w.pdb,-1547.893235,15.59,2.36,13.79,3.11
3J95_20w.pdb,-1524.419142,14.96,2.26,12.54,3.04
3J95_37w.pdb,-1516.09243,14.46,2.29,12.01,3.01
3J95_3w.pdb,-1498.540904,15.17,2.40,12.42,3.07
