structure,HADDOCK-score,correlation
3J95_1.pdb,-2790.33702,0.9248
3J95_10.pdb,-3096.21516,0.9262
3J95_11.pdb,-3179.34814,0.9283
3J95_12.pdb,-2674.28822,0.925
3J95_13.pdb,-3058.31933,0.9271
3J95_14.pdb,-2872.96944,0.9264
3J95_15.pdb,-2882.24111,0.925
3J95_16.pdb,-3046.55394,0.9272
3J95_17.pdb,-2963.72614,0.9256
3J95_18.pdb,-2355.834,0.9388
3J95_19.pdb,-2890.88538,0.9266
3J95_2.pdb,-3038.05123,0.9284
3J95_20.pdb,-3226.16493,0.9277
3J95_21.pdb,-3049.22943,0.9252
3J95_22.pdb,-3025.70488,0.9286
3J95_23.pdb,-3064.23448,0.928
3J95_24.pdb,-3057.696,0.9295
3J95_25.pdb,-3059.71073,0.9251
3J95_26.pdb,-2941.8409,0.9295
3J95_27.pdb,-2859.97273,0.9256
3J95_28.pdb,-3047.88045,0.9276
3J95_29.pdb,-3146.00171,0.9267
3J95_3.pdb,-3104.75453,0.9272
3J95_30.pdb,-3065.2063,0.9321
3J95_31.pdb,-3120.64531,0.9277
3J95_32.pdb,-3190.56244,0.9269
3J95_33.pdb,-2978.0792,0.9268
3J95_34.pdb,-2821.82287,0.9258
3J95_35.pdb,-3018.53872,0.9274
3J95_36.pdb,-3033.0864,0.9321
3J95_37.pdb,-3192.5535,0.9272
3J95_38.pdb,-3022.61599,0.9293
3J95_39.pdb,-2882.62398,0.928
3J95_4.pdb,-2835.2892,0.9252
3J95_40.pdb,-2900.10041,0.9263
3J95_41.pdb,-2811.6813,0.9241
3J95_42.pdb,-2878.1684,0.9271
3J95_43.pdb,-2788.669,0.9272
3J95_44.pdb,-3141.95712,0.9268
3J95_45.pdb,-3126.27265,0.9272
3J95_46.pdb,-3102.81639,0.9274
3J95_47.pdb,-3263.6888,0.928
3J95_48.pdb,-2987.58361,0.9277
3J95_49.pdb,-2986.36835,0.9294
3J95_5.pdb,-2961.40208,0.9276
3J95_50.pdb,-3113.0823,0.9257
3J95_6.pdb,-2961.5489,0.9268
3J95_7.pdb,-3051.00538,0.9258
3J95_8.pdb,-2777.6908,0.931
3J95_9.pdb,-3103.32375,0.9297
