structure,HADDOCK-score,Helix,Sheet,unordered
3J95_29w.pdb,-1547.893235,49.0,10.9,40.1
3J95_20w.pdb,-1524.419142,49.5,10.9,39.6
3J95_37w.pdb,-1516.09243,50.1,11.2,38.7
3J95_3w.pdb,-1498.540904,48.8,10.9,40.3
