structure,HADDOCK-score,Helix,Sheet,Turn,Coil,All
3J96_35w.pdb,-3854.24989,1011,2883,1552,776,6222
3J96_28w.pdb,-3841.89243,1005,2866,1589,775,6235
3J96_39w.pdb,-3827.00694,1026,2897,1526,773,6222
3J96_21w.pdb,-3823.48327,1012,2907,1484,806,6209
