structure,HADDOCK-score,correlation
3J96_1.pdb,-8566.5735,0.926
3J96_10.pdb,-8275.9154,0.9269
3J96_11.pdb,-8546.1483,0.9284
3J96_12.pdb,-8225.5788,0.9261
3J96_13.pdb,-8452.9085,0.9268
3J96_14.pdb,-8526.6178,0.9256
3J96_15.pdb,-8324.1625,0.9276
3J96_16.pdb,-8440.0011,0.9266
3J96_17.pdb,-8448.1563,0.9293
3J96_18.pdb,-8263.6669,0.9258
3J96_19.pdb,-8353.4913,0.9271
3J96_2.pdb,-8404.4089,0.9282
3J96_20.pdb,-8302.6683,0.9274
3J96_21.pdb,-8314.7877,0.925
3J96_22.pdb,-8050.9738,0.9267
3J96_23.pdb,-8258.5128,0.9266
3J96_24.pdb,-8479.1302,0.9271
3J96_25.pdb,-8338.4042,0.9259
3J96_26.pdb,-8403.3796,0.9277
3J96_27.pdb,-8142.6439,0.9272
3J96_28.pdb,-8544.14423,0.9274
3J96_29.pdb,-8373.2202,0.9279
3J96_3.pdb,-8159.0172,0.9261
3J96_30.pdb,-8326.4086,0.9258
3J96_31.pdb,-8477.63,0.9269
3J96_32.pdb,-8075.01009,0.9262
3J96_33.pdb,-8278.2264,0.9282
3J96_34.pdb,-8539.3214,0.9278
3J96_35.pdb,-8718.9667,0.9266
3J96_36.pdb,-8080.334,0.927
3J96_37.pdb,-8276.8531,0.9264
3J96_38.pdb,-8665.2354,0.9268
3J96_39.pdb,-8439.125045,0.9278
3J96_4.pdb,-8118.33592,0.9244
3J96_40.pdb,-8447.6623,0.9275
3J96_41.pdb,-8355.6509,0.9272
3J96_42.pdb,-8494.7734,0.9271
3J96_43.pdb,-8374.7698,0.9262
3J96_44.pdb,-8285.8793,0.926
3J96_45.pdb,-8485.296,0.9259
3J96_46.pdb,-8401.93544,0.9276
3J96_47.pdb,-8263.6511,0.9254
3J96_48.pdb,-8244.7902,0.9271
3J96_49.pdb,-8248.9931,0.9268
3J96_5.pdb,-8295.65384,0.9242
3J96_50.pdb,-8614.3937,0.9262
3J96_6.pdb,-8586.2959,0.9284
3J96_7.pdb,-8389.521,0.9261
3J96_8.pdb,-8351.898,0.9258
3J96_9.pdb,-8416.1948,0.9266
