structure,HADDOCK-score,Helix,Sheet,unordered
3J96_35w.pdb,-3854.24989,48.9,13.8,37.3
3J96_28w.pdb,-3841.89243,48.6,13.3,38.0
3J96_39w.pdb,-3827.00694,49.0,14.1,36.8
3J96_21w.pdb,-3823.48327,49.0,13.6,37.3
