structure,HADDOCK-score,Helix,Sheet,unordered
5GRS_19w.pdb,-2483.042741,23.4,31.0,45.5
5GRS_11w.pdb,-2418.455536,23.2,31.4,45.4
5GRS_10w.pdb,-2404.796012,23.8,32.0,44.2
5GRS_6w.pdb,-2404.70561,22.9,31.2,45.8
