structure,HADDOCK-score,Helix,Sheet,Turn,Coil,All
5GRS_19w.pdb,-2483.042741,1047,631,813,404,2895
5GRS_11w.pdb,-2418.455536,1049,627,818,407,2901
5GRS_10w.pdb,-2404.796012,1062,608,846,396,2912
5GRS_6w.pdb,-2404.70561,1035,624,841,392,2892
