structure,HADDOCK-score,Helix,Sheet,Turn,Coil,All
5HNY_16w.pdb,-478.381887,256,510,351,196,1313
5HNY_13w.pdb,-454.469594,257,502,373,187,1319
5HNY_25w.pdb,-452.25877,267,501,364,188,1320
5HNY_20w.pdb,-452.089258,257,492,382,193,1324
