structure,HADDOCK-score,Helix,Sheet,unordered
5HNY_16w.pdb,-478.381887,41.8,17.0,41.3
5HNY_13w.pdb,-454.469594,41.3,16.4,42.3
5HNY_25w.pdb,-452.25877,40.8,17.8,41.3
5HNY_20w.pdb,-452.089258,41.2,17.8,41.1
