structure,HADDOCK-score,correlation,atomic-clashes
5HNY_10.pdb,-782.04268,0.9332
5HNY_11.pdb,-784.97108,0.9347
5HNY_12.pdb,-782.603045,0.9354
5HNY_13.pdb,-857.71769,0.9339
5HNY_14.pdb,-805.87001,0.9351
5HNY_15.pdb,-952.33667,0.9337
5HNY_16.pdb,-1015.52866,0.9338
5HNY_17.pdb,-865.40384,0.9344
5HNY_18.pdb,-788.33998,0.9346
5HNY_19.pdb,-835.06366,0.9338
5HNY_1.pdb,-725.90006,0.9347
5HNY_20.pdb,-928.8379,0.9342
5HNY_21.pdb,-814.58377,0.9342
5HNY_22.pdb,-885.820316,0.9352
5HNY_23.pdb,-847.478773,0.9353
5HNY_24.pdb,-847.75326,0.9343
5HNY_25.pdb,-882.87966,0.9352
5HNY_26.pdb,-884.68666,0.9348
5HNY_27.pdb,-770.17848,0.9332
5HNY_28.pdb,-894.62897,0.9343
5HNY_29.pdb,-789.64945,0.9338
5HNY_2.pdb,-801.5583,0.9326
5HNY_30.pdb,-826.59628,0.9357
5HNY_31.pdb,-809.74713,0.9342
5HNY_32.pdb,-906.72513,0.9355
5HNY_33.pdb,-910.16638,0.9353
5HNY_34.pdb,-844.23836,0.933
5HNY_35.pdb,-983.28088,0.9359
5HNY_36.pdb,-657.21946,0.9402
5HNY_37.pdb,-863.12425,0.9339
5HNY_38.pdb,-750.2729,0.9343
5HNY_39.pdb,-799.4485,0.9348
5HNY_3.pdb,-947.98273,0.934
5HNY_40.pdb,-893.57083,0.9336
5HNY_41.pdb,-910.62101,0.9339
5HNY_42.pdb,-800.90177,0.9343
5HNY_43.pdb,-893.11292,0.9355
5HNY_44.pdb,-833.123128,0.936
5HNY_45.pdb,-938.85333,0.935
5HNY_46.pdb,-902.97798,0.9337
5HNY_47.pdb,-777.13473,0.936
5HNY_48.pdb,-917.5335,0.9335
5HNY_49.pdb,-799.20937,0.9358
5HNY_4.pdb,-815.01634,0.9321
5HNY_50.pdb,-720.62544,0.9338
5HNY_5.pdb,-880.478573,0.9349
5HNY_6.pdb,-658.09314,0.9402
5HNY_7.pdb,-814.03581,0.9352
5HNY_8.pdb,-896.27788,0.9354
5HNY_9.pdb,-905.06221,0.935
