structure,HADDOCK-score,Helix,Sheet,unordered
5WCB_32w.pdb,-1184.99202,43.6,3.9,52.6
5WCB_26w.pdb,-1182.54035,43.9,4.5,51.7
5WCB_24w.pdb,-1163.25328,44.3,3.5,52.1
5WCB_16w.pdb,-1153.24784,44.6,4.3,51.0
