structure,HADDOCK-score,atomic-clashes
5WCB_1.pdb,-2251.73983,5
5WCB_10.pdb,-2299.71697,2
5WCB_11.pdb,-2287.36951,2
5WCB_12.pdb,-2180.74841,3
5WCB_13.pdb,-2367.56699,4
5WCB_14.pdb,-2315.28205,2
5WCB_15.pdb,-2354.0849,5
5WCB_16.pdb,-2392.502,3
5WCB_17.pdb,-2201.04499,1
5WCB_18.pdb,-2218.89036,2
5WCB_19.pdb,-2244.98688,4
5WCB_2.pdb,-2341.02368,4
5WCB_20.pdb,-2138.81067,2
5WCB_21.pdb,-2375.04665,3
5WCB_22.pdb,-2143.6066,1
5WCB_23.pdb,-2343.90166,2
5WCB_24.pdb,-2349.39383,5
5WCB_25.pdb,-2281.40668,3
5WCB_26.pdb,-2428.71463,3
5WCB_27.pdb,-2160.48881,4
5WCB_28.pdb,-2305.93043,1
5WCB_29.pdb,-2279.42235,3
5WCB_3.pdb,-2087.6526,5
5WCB_30.pdb,-2356.84622,7
5WCB_31.pdb,-2337.84896,4
5WCB_32.pdb,-2398.50519,6
5WCB_33.pdb,-2253.04176,3
5WCB_34.pdb,-2135.72843,5
5WCB_35.pdb,-2273.43522,4
5WCB_36.pdb,-2302.74095,4
5WCB_37.pdb,-2264.07256,3
5WCB_38.pdb,-2211.4654,3
5WCB_39.pdb,-2191.59578,4
5WCB_4.pdb,-2245.6275,3
5WCB_40.pdb,-2305.619,4
5WCB_41.pdb,-2405.49279,3
5WCB_42.pdb,-2244.9426,4
5WCB_43.pdb,-2161.35622,4
5WCB_44.pdb,-2190.4536,3
5WCB_45.pdb,-2247.59688,4
5WCB_46.pdb,-2153.63342,5
5WCB_47.pdb,-2134.35994,2
5WCB_48.pdb,-2225.21037,4
5WCB_49.pdb,-2361.79047,6
5WCB_5.pdb,-2317.06352,3
5WCB_50.pdb,-2246.71159,3
5WCB_6.pdb,-2370.35064,1
5WCB_7.pdb,-2315.30002,4
5WCB_8.pdb,-2243.60201,3
5WCB_9.pdb,-2138.0795,6
