structure,HADDOCK-score,Helix,Sheet,Turn,Coil,All
5WCB_32w.pdb,-1184.99202,135,848,592,347,1922
5WCB_26w.pdb,-1182.54035,142,841,575,355,1913
5WCB_24w.pdb,-1163.25328,132,853,562,360,1907
5WCB_16w.pdb,-1153.24784,139,841,587,344,1911
