structure,HADDOCK-score,Helix,Sheet,Turn,Coil,All
6AHF_14w.pdb,-1150.2174,115,1926,2124,943,5108
6AHF_19w.pdb,-1132.94988,110,1946,2093,951,5100
6AHF_41w.pdb,-1128.21152,106,1956,2080,954,5096
6AHF_38w.pdb,-1119.48646,111,1932,2134,943,5120
