structure,HADDOCK-score,Helix,Sheet,unordered
6AHF_14w.pdb,-1150.2174,40.1,0.6,59.3
6AHF_19w.pdb,-1132.94988,40.2,0.7,59.1
6AHF_41w.pdb,-1128.21152,40.6,0.6,58.8
6AHF_38w.pdb,-1119.48646,40.3,0.4,59.3
