structure,HADDOCK-score,Helix,Sheet,unordered
6C3P_2w.pdb,-2415.65403,57.7,8.1,34.2
6C3P_10w.pdb,-2408.41052,57.4,8.2,34.4
6C3P_22w.pdb,-2404.63058,57.5,8.5,34.0
6C3P_45w.pdb,-2397.1752,57.7,8.2,34.2
