structure,HADDOCK-score,atomic-clashes
6C3P_1.pdb,-3910.31193,4
6C3P_10.pdb,-3887.46179,5
6C3P_11.pdb,-3832.52097,3
6C3P_12.pdb,-3979.29562,8
6C3P_13.pdb,-3895.06431,2
6C3P_14.pdb,-3965.66575,2
6C3P_15.pdb,-3951.70285,4
6C3P_16.pdb,-4045.35543,5
6C3P_17.pdb,-3652.71165,2
6C3P_18.pdb,-3949.3529,9
6C3P_19.pdb,-3651.4973,1
6C3P_2.pdb,-4142.00271,8
6C3P_20.pdb,-3928.62125,5
6C3P_21.pdb,-3801.8853,5
6C3P_22.pdb,-3903.08067,4
6C3P_23.pdb,-3947.64957,7
6C3P_24.pdb,-3959.128,3
6C3P_25.pdb,-3913.35233,4
6C3P_26.pdb,-3955.2324,3
6C3P_27.pdb,-4001.7294,5
6C3P_28.pdb,-3949.184,7
6C3P_29.pdb,-3829.27859,3
6C3P_3.pdb,-3862.51504,6
6C3P_30.pdb,-3174.9783,9
6C3P_31.pdb,-4013.30054,5
6C3P_32.pdb,-3902.16758,2
6C3P_33.pdb,-3934.32342,9
6C3P_34.pdb,-4035.98712,5
6C3P_35.pdb,-3790.35706,4
6C3P_36.pdb,-3176.248,8
6C3P_37.pdb,-3173.9528,9
6C3P_38.pdb,-3960.5196,6
6C3P_39.pdb,-3856.4134,3
6C3P_4.pdb,-3750.33574,2
6C3P_40.pdb,-3807.89733,6
6C3P_41.pdb,-3947.85554,7
6C3P_42.pdb,-3841.20688,5
6C3P_43.pdb,-3789.53265,1
6C3P_44.pdb,-3810.5379,2
6C3P_45.pdb,-3891.654,2
6C3P_46.pdb,-3832.96868,5
6C3P_47.pdb,-3732.20988,3
6C3P_48.pdb,-3975.37075,6
6C3P_49.pdb,-3799.25098,7
6C3P_5.pdb,-3988.14425,3
6C3P_50.pdb,-3770.33416,6
6C3P_6.pdb,-4093.4585,10
6C3P_7.pdb,-3969.47388,3
6C3P_8.pdb,-3780.64971,6
6C3P_9.pdb,-3802.6221,8
