structure,HADDOCK-score,clashscore,ramaoutliers,rotameroutliers,molprobety-score
6C3P_2w.pdb,-2415.65403,14.77,1.09,12.81,2.97
6C3P_10w.pdb,-2408.41052,15.21,1.18,12.77,2.98
6C3P_22w.pdb,-2404.63058,14.63,1.18,12.83,2.96
6C3P_45w.pdb,-2397.1752,14.76,1.18,12.77,2.97
