structure,HADDOCK-score,Helix,Sheet,unordered
6ENY_25w.pdb,-724.92174,19.3,27.6,53.0
6ENY_39w.pdb,-714.85602,19.3,27.6,53.1
6ENY_41w.pdb,-707.41523,19.3,28.0,52.7
6ENY_47w.pdb,-702.19933,19.4,28.5,52.1
