structure,HADDOCK-score,Helix,Sheet,unordered
6IRF_4w.pdb,-1551.632638,37.1,13.0,49.9
6IRF_29w.pdb,-1492.008627,37.0,12.9,50.1
6IRF_22w.pdb,-1485.992851,37.3,13.0,49.7
6IRF_3w.pdb,-1481.133355,37.0,12.8,50.2
