structure,HADDOCK-score,atomic-clashes
6IRF_1.pdb,-2614.65736,0
6IRF_10.pdb,-2632.63576,1
6IRF_11.pdb,-2628.93351,0
6IRF_12.pdb,-2619.50261,1
6IRF_13.pdb,-2593.37965,0
6IRF_14.pdb,-2667.99787,0
6IRF_15.pdb,-2720.88537,0
6IRF_16.pdb,-2528.47187,0
6IRF_17.pdb,-2561.97211,0
6IRF_18.pdb,-2498.29609,0
6IRF_19.pdb,-2658.53278,0
6IRF_2.pdb,-2541.57062,0
6IRF_20.pdb,-2587.92606,0
6IRF_21.pdb,-2658.65136,0
6IRF_22.pdb,-2656.72704,0
6IRF_23.pdb,-2669.66035,1
6IRF_24.pdb,-2387.25686,1
6IRF_25.pdb,-2675.92651,0
6IRF_26.pdb,-2622.57021,0
6IRF_27.pdb,-2655.55825,0
6IRF_28.pdb,-2643.2349,0
6IRF_29.pdb,-2662.9289,0
6IRF_3.pdb,-2658.48662,0
6IRF_30.pdb,-2576.56518,0
6IRF_31.pdb,-2535.23815,0
6IRF_32.pdb,-2523.41699,0
6IRF_33.pdb,-2442.93179,0
6IRF_34.pdb,-2477.28747,0
6IRF_35.pdb,-2540.40994,0
6IRF_36.pdb,-2597.3358,0
6IRF_37.pdb,-2437.24603,0
6IRF_38.pdb,-2472.5061,0
6IRF_39.pdb,-2497.84932,0
6IRF_4.pdb,-2718.70701,0
6IRF_40.pdb,-2536.74129,1
6IRF_41.pdb,-2629.90423,0
6IRF_42.pdb,-2622.86198,0
6IRF_43.pdb,-2644.25256,0
6IRF_44.pdb,-2603.92641,0
6IRF_45.pdb,-2521.93443,0
6IRF_46.pdb,-2663.56008,0
6IRF_47.pdb,-2614.89808,0
6IRF_48.pdb,-2564.1817,0
6IRF_49.pdb,-2526.34631,0
6IRF_5.pdb,-2601.83147,0
6IRF_50.pdb,-2396.09298,0
6IRF_6.pdb,-2572.11301,0
6IRF_7.pdb,-2609.52349,0
6IRF_8.pdb,-2402.28798,1
6IRF_9.pdb,-2444.66229,0
