structure,HADDOCK-score,Helix,Sheet,Turn,Coil,All
6IRF_4w.pdb,-1551.632638,619,1268,1012,636,3535
6IRF_29w.pdb,-1492.008627,614,1273,1005,641,3533
6IRF_22w.pdb,-1485.992851,633,1274,1008,622,3537
6IRF_3w.pdb,-1481.133355,627,1269,1002,634,3532
