structure,HADDOCK-score,Helix,Sheet,unordered
6N7G_44w.pdb,-581.2012402,52.1,4.5,43.4
6N7G_43w.pdb,-576.3105749,52.5,3.8,43.7
6N7G_17w.pdb,-569.377019,52.6,3.9,43.4
6N7G_16w.pdb,-563.5292602,52.3,4.4,43.4
