structure,HADDOCK-score,clashscore,ramaoutliers,rotameroutliers,molprobety-score
6N7G_44w.pdb,-581.2012402,14.53,1.87,12.68,3.12
6N7G_43w.pdb,-576.3105749,14.39,1.96,12.30,3.11
6N7G_17w.pdb,-569.377019,14.68,2.01,12.13,3.10
6N7G_16w.pdb,-563.5292602,14.02,1.87,12.35,3.09
