structure,HADDOCK-score,Helix,Sheet,Turn,Coil,All
6N7G_44w.pdb,-581.2012402,178,1206,761,316,2461
6N7G_43w.pdb,-576.3105749,178,1214,736,324,2452
6N7G_17w.pdb,-569.377019,175,1207,753,321,2456
6N7G_16w.pdb,-563.5292602,185,1212,754,309,2460
