structure,HADDOCK-score,atomic-clashes
6N7G_1.pdb,-2141.34326,0
6N7G_10.pdb,-2255.68655,2
6N7G_11.pdb,-2287.53986,1
6N7G_12.pdb,-2122.3457,1
6N7G_13.pdb,-2245.98523,0
6N7G_14.pdb,-2353.2705,4
6N7G_15.pdb,-2129.42382,1
6N7G_16.pdb,-2193.82891,1
6N7G_17.pdb,-2182.518,4
6N7G_18.pdb,-2228.37677,2
6N7G_19.pdb,-2136.39844,3
6N7G_2.pdb,-2102.1752,0
6N7G_20.pdb,-2138.41123,1
6N7G_21.pdb,-2293.54518,0
6N7G_22.pdb,-2125.03229,1
6N7G_23.pdb,-2098.31938,1
6N7G_24.pdb,-2091.64762,0
6N7G_25.pdb,-2276.7932,2
6N7G_26.pdb,-2220.90414,0
6N7G_27.pdb,-2233.56908,0
6N7G_28.pdb,-2200.8504,1
6N7G_29.pdb,-2433.36554,5
6N7G_3.pdb,-2511.05775,1
6N7G_30.pdb,-2142.3848,2
6N7G_31.pdb,-2116.32841,0
6N7G_32.pdb,-2236.76559,2
6N7G_33.pdb,-2104.41836,0
6N7G_34.pdb,-2329.12814,2
6N7G_35.pdb,-2387.93525,1
6N7G_36.pdb,-2389.89985,1
6N7G_37.pdb,-2063.6584,4
6N7G_38.pdb,-2162.72889,2
6N7G_39.pdb,-2108.87916,2
6N7G_4.pdb,-2192.67023,4
6N7G_40.pdb,-2306.08121,1
6N7G_41.pdb,-2310.92901,2
6N7G_42.pdb,-2159.8102,2
6N7G_43.pdb,-1762.5187,0
6N7G_44.pdb,-2345.5364,3
6N7G_45.pdb,-2238.6105,0
6N7G_46.pdb,-2235.00294,1
6N7G_47.pdb,-2233.19075,3
6N7G_48.pdb,-2400.85443,3
6N7G_49.pdb,-2292.10758,3
6N7G_5.pdb,-2250.30991,0
6N7G_50.pdb,-2171.4521,3
6N7G_6.pdb,-2089.50435,0
6N7G_7.pdb,-2035.4153,0
6N7G_8.pdb,-2322.00473,2
6N7G_9.pdb,-2200.23617,1
