structure,HADDOCK-score,Helix,Sheet,unordered
6N8Z_10w.pdb,-2407.17039,48.4,8.4,43.2
6N8Z_19w.pdb,-2392.55112,49.6,8.4,42.0
6N8Z_1w.pdb,-2385.49977,49.6,8.3,42.1
6N8Z_4w.pdb,-2370.09671,48.8,8.4,42.8
