structure,HADDOCK-score,Helix,Sheet,Turn,Coil,All
6N8Z_10w.pdb,-2407.17039,482,2255,1313,625,4675
6N8Z_19w.pdb,-2392.55112,506,2268,1260,635,4669
6N8Z_1w.pdb,-2385.49977,495,2257,1300,626,4678
6N8Z_4w.pdb,-2370.09671,499,2252,1284,632,4667
