structure,HADDOCK-score,Helix,Sheet,Turn,Coil,All
6UBY_12w.pdb,-1214.623236,581,1101,1028,378,3088
6UBY_48w.pdb,-1212.993751,575,1109,1021,382,3087
6UBY_21w.pdb,-1212.125015,576,1124,999,382,3081
6UBY_24w.pdb,-1193.723474,570,1109,1033,373,3085
