structure,HADDOCK-score,Helix,Sheet,unordered
6UBY_12w.pdb,-1214.623236,40.1,15.1,44.8
6UBY_48w.pdb,-1212.993751,39.6,14.8,45.6
6UBY_21w.pdb,-1212.125015,39.9,15.5,44.7
6UBY_24w.pdb,-1193.723474,39.5,15.0,45.5
