structure,HADDOCK-score,clashscore,ramaoutliers,rotameroutliers,molprobety-score
6UBY_12w.pdb,-1214.623236,11.94,0.74,11.74,2.80
6UBY_48w.pdb,-1212.993751,11.94,0.74,12.52,2.83
6UBY_21w.pdb,-1212.125015,11.46,0.74,12.01,2.80
6UBY_24w.pdb,-1193.723474,10.77,0.55,11.78,2.77
