structure,HADDOCK-score,Helix,Sheet,unordered
6UC0_39w.pdb,-1413.604411,39.9,15.4,44.7
6UC0_49w.pdb,-1411.56454,39.9,15.9,44.2
6UC0_15w.pdb,-1409.46233,39.7,15.1,45.2
6UC0_8w.pdb,-1401.341524,39.7,16.1,44.2
