structure,HADDOCK-score,clashscore,ramaoutliers,rotameroutliers,molprobety-score
6UC0_39w.pdb,-1413.604411,14.09,0.55,14.01,2.95
6UC0_49w.pdb,-1411.56454,15.17,0.73,15.00,3.04
6UC0_15w.pdb,-1409.46233,13.93,0.84,14.18,2.97
6UC0_8w.pdb,-1401.341524,12.09,0.55,12.04,2.81
