structure,HADDOCK-score,Helix,Sheet,Turn,Coil,All
6UC0_39w.pdb,-1413.604411,631,1070,1311,387,3399
6UC0_49w.pdb,-1411.56454,642,1050,1324,389,3405
6UC0_15w.pdb,-1409.46233,629,1065,1299,394,3387
6UC0_8w.pdb,-1401.341524,638,1076,1274,401,3389
