structure,HADDOCK-score,correlation,atomic-clashes
6UBY_10w.pdb,-1113.502948,0.958,0
6UBY_11w.pdb,-1113.502948,0.958,0
6UBY_12w.pdb,-1113.502948,0.958,0
6UBY_13w.pdb,-1113.502948,0.958,0
6UBY_14w.pdb,-1113.502948,0.958,0
6UBY_15w.pdb,-1113.502948,0.958,0
6UBY_16w.pdb,-1113.502948,0.958,0
6UBY_17w.pdb,-1113.502948,0.958,0
6UBY_18w.pdb,-1113.502948,0.958,0
6UBY_19w.pdb,-1113.502948,0.958,0
6UBY_1w.pdb,-1113.502948,0.958,0
6UBY_20w.pdb,-1113.502948,0.958,0
6UBY_21w.pdb,-1113.502948,0.958,0
6UBY_22w.pdb,-1113.502948,0.958,0
6UBY_23w.pdb,-1113.502948,0.958,0
6UBY_24w.pdb,-1113.502948,0.958,0
6UBY_25w.pdb,-1113.502948,0.958,0
6UBY_26w.pdb,-1113.502948,0.958,0
6UBY_27w.pdb,-1113.502948,0.958,0
6UBY_28w.pdb,-1113.502948,0.958,0
6UBY_29w.pdb,-1113.502948,0.958,0
6UBY_2w.pdb,-1113.502948,0.958,0
6UBY_30w.pdb,-1113.502948,0.958,0
6UBY_31w.pdb,-1113.502948,0.958,0
6UBY_32w.pdb,-1113.502948,0.958,0
6UBY_33w.pdb,-1113.502948,0.958,0
6UBY_34w.pdb,-1113.502948,0.958,0
6UBY_35w.pdb,-1113.502948,0.958,0
6UBY_36w.pdb,-1113.502948,0.958,0
6UBY_37w.pdb,-1113.502948,0.958,0
6UBY_38w.pdb,-1113.502948,0.958,0
6UBY_39w.pdb,-1113.502948,0.958,0
6UBY_3w.pdb,-1113.502948,0.958,0
6UBY_40w.pdb,-1113.502948,0.958,0
6UBY_41w.pdb,-1113.502948,0.958,0
6UBY_42w.pdb,-1113.502948,0.958,0
6UBY_43w.pdb,-1113.502948,0.958,0
6UBY_44w.pdb,-1113.502948,0.958,0
6UBY_45w.pdb,-1113.502948,0.958,0
6UBY_46w.pdb,-1113.502948,0.958,0
6UBY_47w.pdb,-1113.502948,0.958,0
6UBY_48w.pdb,-1113.502948,0.958,0
6UBY_49w.pdb,-1113.502948,0.958,0
6UBY_4w.pdb,-1113.502948,0.958,0
6UBY_50w.pdb,-1113.502948,0.958,0
6UBY_5w.pdb,-1113.502948,0.958,0
6UBY_6w.pdb,-1113.502948,0.958,0
6UBY_7w.pdb,-1113.502948,0.958,0
6UBY_8w.pdb,-1113.502948,0.958,0
6UBY_9w.pdb,-1113.502948,0.958,0
