structure,HADDOCK-score,correlation,atomic-clashes
3J96_10w.pdb,-3545.36466,0.9247,1
3J96_11w.pdb,-3437.21639,0.925,1
3J96_12w.pdb,-3543.98697,0.925,1
3J96_13w.pdb,-3486.63136,0.9257,2
3J96_14w.pdb,-3314.68407,0.9237,0
3J96_15w.pdb,-3561.03191,0.9263,0
3J96_16w.pdb,-3305.4639,0.9234,1
3J96_17w.pdb,-3656.5499,0.924,1
3J96_18w.pdb,-3459.7467,0.923,0
3J96_19w.pdb,-3557.8268,0.9244,0
3J96_1w.pdb,-3526.3862,0.9252,1
3J96_20w.pdb,-3629.3101,0.9236,2
3J96_21w.pdb,-3514.81974,0.9251,0
3J96_22w.pdb,-3510.50891,0.9244,3
3J96_23w.pdb,-3583.24244,0.9253,1
3J96_24w.pdb,-3553.38202,0.9256,1
3J96_25w.pdb,-3343.5367,0.9209,1
3J96_26w.pdb,-3490.6758,0.924,3
3J96_27w.pdb,-3449.5086,0.9233,3
3J96_28w.pdb,-3457.4969,0.9235,1
3J96_29w.pdb,-3431.96828,0.924,1
3J96_2w.pdb,-3444.84844,0.9237,0
3J96_30w.pdb,-3617.61446,0.9267,0
3J96_31w.pdb,-3552.91945,0.9259,1
3J96_32w.pdb,-3545.4605,0.9242,0
3J96_33w.pdb,-3426.98859,0.9213,0
3J96_34w.pdb,-3472.92315,0.9239,2
3J96_35w.pdb,-3371.0248,0.9248,1
3J96_36w.pdb,-3382.82898,0.9239,0
3J96_37w.pdb,-3490.91659,0.924,3
3J96_38w.pdb,-3623.86895,0.9252,0
3J96_39w.pdb,-3502.97738,0.9263,3
3J96_3w.pdb,-3392.4771,0.9249,4
3J96_40w.pdb,-3603.45648,0.9247,0
3J96_41w.pdb,-3325.6217,0.9235,3
3J96_42w.pdb,-3598.77749,0.9254,1
3J96_43w.pdb,-3595.2404,0.9252,0
3J96_44w.pdb,-3569.89222,0.9249,1
3J96_45w.pdb,-3362.7898,0.9244,0
3J96_46w.pdb,-3494.5331,0.922,2
3J96_47w.pdb,-3260.082,0.9211,0
3J96_48w.pdb,-3586.5625,0.9241,1
3J96_49w.pdb,-3614.91361,0.9252,2
3J96_4w.pdb,-3599.94489,0.9255,0
3J96_50w.pdb,-3463.88922,0.9237,2
3J96_5w.pdb,-3413.30129,0.924,0
3J96_6w.pdb,-3481.8887,0.9255,0
3J96_7w.pdb,-3605.2472,0.9245,0
3J96_8w.pdb,-3462.39418,0.9244,2
3J96_9w.pdb,-3436.21244,0.9252,3
