structure,HADDOCK-score,correlation,atomic-clashes
3J96_28w.pdb,-3709.31263,0.9327,0
3J96_36w.pdb,-3709.31263,0.9327,0
3J96_17w.pdb,-3709.31263,0.9327,0
3J96_35w.pdb,-3709.31263,0.9327,0
