structure,HADDOCK-score,correlation,atomic-clashes
6N8Z_10w.pdb,-2068.87786,0.9325,5
6N8Z_42w.pdb,-2068.87786,0.9325,5
6N8Z_48w.pdb,-2068.87786,0.9325,5
6N8Z_40w.pdb,-2068.87786,0.9325,5
