structure,HADDOCK-score,correlation,atomic-clashes
6UBY_3w.pdb,-1138.017707,0.9581,1
6UBY_6w.pdb,-1138.017707,0.9581,1
6UBY_28w.pdb,-1138.017707,0.9581,1
6UBY_41w.pdb,-1138.017707,0.9581,1
