structure,HADDOCK-score,correlation
5GRS_1.pdb,-4068.83465,0.8949
5GRS_10.pdb,-3788.7091,0.8938
5GRS_11.pdb,-3850.0874,0.8955
5GRS_12.pdb,-4102.06118,0.8959
5GRS_13.pdb,-4051.37787,0.896
5GRS_14.pdb,-3960.6828,0.8959
5GRS_15.pdb,-4003.50839,0.894
5GRS_16.pdb,-3993.77421,0.8953
5GRS_17.pdb,-3940.20327,0.8954
5GRS_18.pdb,-3837.04945,0.8945
5GRS_19.pdb,-3751.92579,0.8946
5GRS_2.pdb,-4260.4602,0.896
5GRS_20.pdb,-4218.67817,0.8949
5GRS_21.pdb,-4261.67592,0.8937
5GRS_22.pdb,-4265.31265,0.8959
5GRS_23.pdb,-4118.97925,0.8966
5GRS_24.pdb,-4032.97273,0.8949
5GRS_25.pdb,-3703.00751,0.8959
5GRS_26.pdb,-3792.67954,0.8951
5GRS_27.pdb,-3648.12624,0.894
5GRS_28.pdb,-3930.44092,0.8964
5GRS_29.pdb,-4017.77579,0.8943
5GRS_3.pdb,-3975.9945,0.8955
5GRS_30.pdb,-4071.8914,0.8953
5GRS_31.pdb,-3922.07826,0.8933
5GRS_32.pdb,-3795.25511,0.8956
5GRS_33.pdb,-4076.90138,0.8944
5GRS_34.pdb,-3861.784,0.8959
5GRS_35.pdb,-3746.77571,0.8946
5GRS_36.pdb,-3904.11599,0.8962
5GRS_37.pdb,-3875.44566,0.8956
5GRS_38.pdb,-3751.33078,0.8946
5GRS_39.pdb,-4048.67656,0.8955
5GRS_4.pdb,-4066.7289,0.8938
5GRS_40.pdb,-4115.70044,0.8966
5GRS_41.pdb,-3535.08092,0.8939
5GRS_42.pdb,-4060.22875,0.8949
5GRS_43.pdb,-3629.5715,0.8931
5GRS_44.pdb,-4105.03082,0.8969
5GRS_45.pdb,-3901.30238,0.8972
5GRS_46.pdb,-4213.57482,0.8966
5GRS_47.pdb,-4171.12057,0.8953
5GRS_48.pdb,-3904.80534,0.8942
5GRS_49.pdb,-3920.67984,0.8968
5GRS_5.pdb,-4063.10169,0.8953
5GRS_50.pdb,-3969.45161,0.893
5GRS_6.pdb,-3976.44979,0.8951
5GRS_7.pdb,-4071.84056,0.8926
5GRS_8.pdb,-4073.99512,0.8947
5GRS_9.pdb,-4189.02978,0.8971
