structure,HADDOCK-score,correlation
6N8T_1.pdb,-5450.5018,0.8778
6N8T_10.pdb,-5632.6874,0.8759
6N8T_11.pdb,-5272.711,0.8727
6N8T_12.pdb,-5157.39465,0.8836
6N8T_13.pdb,-5406.5445,0.8754
6N8T_14.pdb,-5603.3998,0.8751
6N8T_15.pdb,-5672.0887,0.876
6N8T_16.pdb,-5157.39465,0.8836
6N8T_17.pdb,-5157.39465,0.8836
6N8T_18.pdb,-5323.9707,0.8734
6N8T_19.pdb,-5157.39465,0.8836
6N8T_2.pdb,-5300.0768,0.8737
6N8T_20.pdb,-5447.5682,0.8788
6N8T_21.pdb,-5233.1773,0.8723
6N8T_22.pdb,-5157.39465,0.8836
6N8T_23.pdb,-5237.8824,0.8749
6N8T_24.pdb,-5154.8075,0.8754
6N8T_25.pdb,-4780.9239,0.8723
6N8T_26.pdb,-5157.39465,0.8836
6N8T_27.pdb,-5094.5872,0.8714
6N8T_28.pdb,-5067.9219,0.8742
6N8T_29.pdb,-5197.0852,0.874
6N8T_3.pdb,-5183.4114,0.8789
6N8T_30.pdb,-4904.0087,0.8783
6N8T_31.pdb,-5548.5502,0.8803
6N8T_32.pdb,-4996.7529,0.8713
6N8T_33.pdb,-5002.7115,0.8729
6N8T_34.pdb,-5304.8848,0.8744
6N8T_35.pdb,-4740.6235,0.8644
6N8T_36.pdb,-4430.0559,0.8735
6N8T_37.pdb,-5483.1174,0.8793
6N8T_38.pdb,-5611.867,0.8752
6N8T_39.pdb,-4895.4283,0.8764
6N8T_4.pdb,-5079.6353,0.8752
6N8T_40.pdb,-5061.0079,0.8713
6N8T_41.pdb,-5150.027,0.8758
6N8T_42.pdb,-5079.3559,0.8732
6N8T_43.pdb,-5336.9123,0.8756
6N8T_44.pdb,-5157.39465,0.8836
6N8T_45.pdb,-5584.0553,0.8785
6N8T_46.pdb,-5500.204,0.8771
6N8T_47.pdb,-5098.8687,0.8773
6N8T_48.pdb,-5157.392,0.8712
6N8T_49.pdb,-5414.8724,0.8761
6N8T_5.pdb,-5157.39465,0.8836
6N8T_50.pdb,-5157.39465,0.8836
6N8T_6.pdb,-5871.2817,0.8775
6N8T_7.pdb,-5868.9032,0.8765
6N8T_8.pdb,-4846.6507,0.8727
6N8T_9.pdb,-5052.4907,0.878
