structure,HADDOCK-score,Helix,Sheet,Turn,Coil,All
3J96_10w.pdb,-3601.93788,1015,2877,1542,791,6225
3J96_41w.pdb,-3554.21141,1016,2899,1502,799,6216
3J96_29w.pdb,-3553.5619,1025,2858,1582,774,6239
3J96_30w.pdb,-3537.2313,1021,2904,1503,791,6219
