structure,HADDOCK-score,Helix,Sheet,Turn,Coil,All
5GRS_46w.pdb,-2330.16982,1048,626,820,404,2898
5GRS_26w.pdb,-2298.586272,1035,630,827,410,2902
5GRS_45w.pdb,-2290.704539,1050,610,857,397,2914
5GRS_42w.pdb,-2290.46464,1023,623,846,409,2901
