structure,HADDOCK-score,Helix,Sheet,Turn,Coil,All
5HNY_41w.pdb,-459.132584,249,500,382,187,1318
5HNY_8w.pdb,-441.06695,261,504,370,183,1318
5HNY_50w.pdb,-438.13476,261,503,371,184,1319
5HNY_28w.pdb,-428.65513,257,498,385,187,1327
