structure,HADDOCK-score,Helix,Sheet,Turn,Coil,All
5WCB_36w.pdb,-1041.1193,125,840,583,354,1902
5WCB_40w.pdb,-1030.70102,128,852,567,348,1895
5WCB_17w.pdb,-1023.27565,132,848,555,362,1897
5WCB_9w.pdb,-1003.91233,137,849,568,344,1898
