structure,HADDOCK-score,Helix,Sheet,Turn,Coil,All
6ACG_49w.pdb,-1675.60578,981,1067,1448,827,4323
6ACG_20w.pdb,-1658.7405,1003,1053,1489,818,4363
6ACG_2w.pdb,-1630.40242,1010,1055,1464,816,4345
6ACG_13w.pdb,-1613.62748,1003,1070,1428,831,4332
