structure,HADDOCK-score,correlation,atomic-clashes
3J96_10w.pdb,-3510.7451,0.9255,3
3J96_11w.pdb,-3684.04361,0.9268,0
3J96_12w.pdb,-3704.68453,0.9272,2
3J96_13w.pdb,-3562.5559,0.9259,2
3J96_14w.pdb,-3515.1212,0.925,0
3J96_15w.pdb,-3516.2764,0.9257,3
3J96_16w.pdb,-3600.40151,0.9276,0
3J96_17w.pdb,-3709.92574,0.9321,1
3J96_18w.pdb,-3521.2264,0.9267,3
3J96_19w.pdb,-3640.0416,0.9264,0
3J96_1w.pdb,-3589.2275,0.9258,0
3J96_20w.pdb,-3683.825,0.9268,0
3J96_21w.pdb,-3541.9368,0.9263,2
3J96_22w.pdb,-3687.7416,0.9266,1
3J96_23w.pdb,-3633.13338,0.9257,0
3J96_24w.pdb,-3704.9303,0.9277,1
3J96_25w.pdb,-3659.1629,0.9261,0
3J96_26w.pdb,-3670.8562,0.9272,1
3J96_27w.pdb,-3712.39246,0.9274,0
3J96_28w.pdb,-3686.2068,0.9271,1
3J96_29w.pdb,-3616.5818,0.927,0
3J96_2w.pdb,-3589.4413,0.9252,2
3J96_30w.pdb,-3571.5859,0.9254,0
3J96_31w.pdb,-3602.4806,0.9248,1
3J96_32w.pdb,-3642.1499,0.9269,1
3J96_33w.pdb,-3618.5076,0.927,1
3J96_34w.pdb,-3471.1503,0.9261,0
3J96_35w.pdb,-3600.4596,0.9263,2
3J96_36w.pdb,-3597.8312,0.927,1
3J96_37w.pdb,-3699.27951,0.9258,0
3J96_38w.pdb,-3667.78709,0.9264,3
3J96_39w.pdb,-3723.9293,0.9258,1
3J96_3w.pdb,-3693.9293,0.9262,2
3J96_40w.pdb,-3639.675,0.9258,2
3J96_41w.pdb,-3639.2066,0.9269,1
3J96_42w.pdb,-3533.7768,0.9258,3
3J96_43w.pdb,-3628.3445,0.9254,0
3J96_44w.pdb,-3619.5254,0.9248,1
3J96_45w.pdb,-3690.6143,0.9272,2
3J96_46w.pdb,-3571.3832,0.9275,2
3J96_47w.pdb,-3613.84052,0.9266,0
3J96_48w.pdb,-3484.42912,0.9278,2
3J96_49w.pdb,-3637.4711,0.9264,3
3J96_4w.pdb,-3537.9914,0.9263,5
3J96_50w.pdb,-3676.37559,0.9278,1
3J96_5w.pdb,-3619.5843,0.9253,1
3J96_6w.pdb,-3561.7267,0.9263,0
3J96_7w.pdb,-3632.45181,0.9265,1
3J96_8w.pdb,-3585.25538,0.9264,1
3J96_9w.pdb,-3622.7739,0.9258,2
