structure,HADDOCK-score,correlation,atomic-clashes
5GRS_10w.pdb,-2299.15398,0.8917,0
5GRS_11w.pdb,-2318.61422,0.8925,0
5GRS_12w.pdb,-2280.70746,0.8902,0
5GRS_13w.pdb,-2264.72884,0.8905,0
5GRS_14w.pdb,-2307.58668,0.8925,2
5GRS_15w.pdb,-2209.80993,0.8897,0
5GRS_16w.pdb,-2242.27309,0.8911,0
5GRS_17w.pdb,-2284.356257,0.8945,0
5GRS_18w.pdb,-2146.99301,0.8895,1
5GRS_19w.pdb,-2364.144625,0.892,0
5GRS_1w.pdb,-2281.678845,0.8935,0
5GRS_20w.pdb,-2234.922303,0.8927,1
5GRS_21w.pdb,-2081.29652,0.886,1
5GRS_22w.pdb,-2175.689169,0.8908,0
5GRS_23w.pdb,-2198.420662,0.8917,0
5GRS_24w.pdb,-2265.57295,0.8908,0
5GRS_25w.pdb,-2309.774849,0.8918,2
5GRS_26w.pdb,-2262.28555,0.89,1
5GRS_27w.pdb,-2254.904892,0.8934,0
5GRS_28w.pdb,-2249.43827,0.8898,0
5GRS_29w.pdb,-2265.42288,0.8934,0
5GRS_2w.pdb,-2203.483474,0.8916,0
5GRS_30w.pdb,-2272.13629,0.8915,0
5GRS_31w.pdb,-2246.397799,0.8954,0
5GRS_32w.pdb,-2285.22995,0.8893,0
5GRS_33w.pdb,-2350.61727,0.8929,0
5GRS_34w.pdb,-2225.998426,0.8913,1
5GRS_35w.pdb,-2290.14574,0.8919,0
5GRS_36w.pdb,-2354.84015,0.8913,1
5GRS_37w.pdb,-2288.02998,0.8941,0
5GRS_38w.pdb,-2262.44143,0.8933,0
5GRS_39w.pdb,-2260.078318,0.8927,0
5GRS_3w.pdb,-2218.592534,0.8904,1
5GRS_40w.pdb,-2193.340245,0.8923,1
5GRS_41w.pdb,-2162.63435,0.8916,1
5GRS_42w.pdb,-2177.17273,0.8923,1
5GRS_43w.pdb,-2218.90138,0.8904,0
5GRS_44w.pdb,-2314.83873,0.8929,1
5GRS_45w.pdb,-2177.05971,0.8907,2
5GRS_46w.pdb,-2218.97634,0.8897,0
5GRS_47w.pdb,-2335.041,0.8915,1
5GRS_48w.pdb,-2108.03027,0.8913,1
5GRS_49w.pdb,-2248.895853,0.8883,1
5GRS_4w.pdb,-2049.92408,0.8856,0
5GRS_50w.pdb,-2367.14315,0.8932,1
5GRS_5w.pdb,-2210.17555,0.8902,0
5GRS_6w.pdb,-2276.167804,0.8925,0
5GRS_7w.pdb,-2110.502129,0.8889,0
5GRS_8w.pdb,-2289.00211,0.8908,0
5GRS_9w.pdb,-2119.71742,0.8884,1
