structure,HADDOCK-score,correlation,atomic-clashes
5HNY_10w.pdb,-387.848873,0.9369,0
5HNY_11w.pdb,-386.544063,0.9372,0
5HNY_12w.pdb,-419.13982,0.9357,1
5HNY_13w.pdb,-375.75314,0.9362,0
5HNY_14w.pdb,-400.15566,0.9342,1
5HNY_15w.pdb,-416.24052612,0.9334,0
5HNY_16w.pdb,-430.34167,0.9348,0
5HNY_17w.pdb,-412.195661,0.9343,0
5HNY_18w.pdb,-374.02377,0.9349,1
5HNY_19w.pdb,-428.80121,0.9348,1
5HNY_1w.pdb,-357.84818,0.9352,0
5HNY_20w.pdb,-407.685743,0.9346,1
5HNY_21w.pdb,-443.494448,0.9333,1
5HNY_22w.pdb,-375.57846,0.9363,0
5HNY_23w.pdb,-449.854962,0.9352,0
5HNY_24w.pdb,-410.10532,0.935,0
5HNY_25w.pdb,-361.233028,0.9362,0
5HNY_26w.pdb,-431.58618,0.9348,0
5HNY_27w.pdb,-396.096319,0.9345,0
5HNY_28w.pdb,-405.34324,0.9344,0
5HNY_29w.pdb,-413.79858,0.9332,0
5HNY_2w.pdb,-358.150336,0.9325,0
5HNY_30w.pdb,-366.65506,0.934,1
5HNY_31w.pdb,-371.418173,0.9345,1
5HNY_32w.pdb,-360.504596,0.9402,4
5HNY_33w.pdb,-413.641709,0.9346,0
5HNY_34w.pdb,-400.968621,0.9346,1
5HNY_35w.pdb,-443.80964,0.9351,1
5HNY_36w.pdb,-363.651838,0.9346,1
5HNY_37w.pdb,-416.69521,0.9349,0
5HNY_38w.pdb,-389.995528,0.935,1
5HNY_39w.pdb,-339.72494,0.9359,0
5HNY_3w.pdb,-384.842449,0.9346,1
5HNY_40w.pdb,-425.24748,0.9345,1
5HNY_41w.pdb,1855.54374,0.9215,0
5HNY_42w.pdb,-405.31121,0.9354,0
5HNY_43w.pdb,-383.19967,0.936,1
5HNY_44w.pdb,-436.214889,0.9341,1
5HNY_45w.pdb,-357.138089,0.9402,3
5HNY_46w.pdb,-397.339017,0.9356,0
5HNY_47w.pdb,-397.00445,0.9354,0
5HNY_48w.pdb,-417.089668,0.9356,0
5HNY_49w.pdb,-417.881585,0.9351,0
5HNY_4w.pdb,-375.06804,0.9357,2
5HNY_50w.pdb,-452.853904,0.9347,0
5HNY_5w.pdb,-413.038005,0.9363,3
5HNY_6w.pdb,-377.570902,0.9348,2
5HNY_7w.pdb,-444.23579,0.9346,1
5HNY_8w.pdb,-398.679456,0.9346,0
5HNY_9w.pdb,-412.175795,0.9354,0
