structure,HADDOCK-score,correlation,atomic-clashes
6ENY_10w.pdb,-672.56084,0.8865,0
6ENY_11w.pdb,-626.53063,0.8865,0
6ENY_12w.pdb,-668.69874,0.886,0
6ENY_13w.pdb,-680.34442,0.8869,0
6ENY_14w.pdb,-632.81707,0.8845,0
6ENY_15w.pdb,-631.07001,0.8872,0
6ENY_16w.pdb,-706.99154,0.8864,0
6ENY_17w.pdb,-663.63545,0.8846,0
6ENY_18w.pdb,-650.80043,0.8864,0
6ENY_19w.pdb,-627.97075,0.8858,0
6ENY_1w.pdb,-675.28996,0.8874,0
6ENY_20w.pdb,-685.27226,0.887,0
6ENY_21w.pdb,-622.39306,0.8859,0
6ENY_22w.pdb,-642.43994,0.8859,0
6ENY_23w.pdb,-651.12174,0.8877,0
6ENY_24w.pdb,-645.16621,0.8851,0
6ENY_25w.pdb,-643.88756,0.8864,0
6ENY_26w.pdb,-661.62728,0.8866,0
6ENY_27w.pdb,-696.27556,0.8859,0
6ENY_28w.pdb,-727.30991,0.8848,0
6ENY_29w.pdb,-671.52828,0.8839,0
6ENY_2w.pdb,-699.66561,0.8859,0
6ENY_30w.pdb,-657.72564,0.8855,0
6ENY_31w.pdb,-712.5733,0.8855,0
6ENY_32w.pdb,-670.57469,0.8865,0
6ENY_33w.pdb,-686.77738,0.8849,1
6ENY_34w.pdb,-663.40914,0.8856,0
6ENY_35w.pdb,-683.67953,0.8871,1
6ENY_36w.pdb,-677.51224,0.8853,0
6ENY_37w.pdb,-658.62911,0.8861,0
6ENY_38w.pdb,-671.57383,0.8857,0
6ENY_39w.pdb,-701.37217,0.8873,0
6ENY_3w.pdb,-669.09171,0.8854,0
6ENY_40w.pdb,-706.89815,0.8853,0
6ENY_41w.pdb,-671.39506,0.8849,0
6ENY_42w.pdb,-612.62727,0.8837,0
6ENY_43w.pdb,-690.44668,0.8862,0
6ENY_44w.pdb,-597.0082,0.8828,1
6ENY_45w.pdb,-651.77288,0.8861,1
6ENY_46w.pdb,-690.69089,0.8862,0
6ENY_47w.pdb,-699.8963,0.887,0
6ENY_48w.pdb,-667.55879,0.8858,0
6ENY_49w.pdb,-640.49619,0.8858,0
6ENY_4w.pdb,-683.36976,0.8871,0
6ENY_50w.pdb,-670.10728,0.8859,1
6ENY_5w.pdb,-663.00297,0.8859,0
6ENY_6w.pdb,-681.34937,0.8847,0
6ENY_7w.pdb,-654.81613,0.8847,0
6ENY_8w.pdb,-685.47302,0.8861,0
6ENY_9w.pdb,-690.38253,0.8863,0
