structure,HADDOCK-score,correlation,atomic-clashes
6IRF_10w.pdb,-1404.52063,0.8847,0
6IRF_11w.pdb,-1410.02537,0.8858,2
6IRF_12w.pdb,-1303.8969,0.8833,1
6IRF_13w.pdb,-1378.04614,0.8852,2
6IRF_14w.pdb,-1377.67685,0.8847,0
6IRF_15w.pdb,-1390.20918,0.8841,2
6IRF_16w.pdb,-1293.88505,0.8864,1
6IRF_17w.pdb,-1397.66598,0.8848,2
6IRF_18w.pdb,-1392.92979,0.8837,4
6IRF_19w.pdb,-1409.93556,0.8834,1
6IRF_1w.pdb,-1264.5218,0.8826,2
6IRF_20w.pdb,-1490.29521,0.8844,0
6IRF_21w.pdb,-1429.96443,0.8847,0
6IRF_22w.pdb,-1337.04682,0.8832,1
6IRF_23w.pdb,-1443.97965,0.8839,0
6IRF_24w.pdb,-1396.61112,0.8852,0
6IRF_25w.pdb,-1378.69467,0.8843,1
6IRF_26w.pdb,-1363.83543,0.8829,0
6IRF_27w.pdb,-1340.65461,0.8842,3
6IRF_28w.pdb,-1418.30268,0.8846,2
6IRF_29w.pdb,-1440.21157,0.8878,0
6IRF_2w.pdb,-1373.33188,0.8819,1
6IRF_30w.pdb,-1408.71441,0.885,1
6IRF_31w.pdb,-1490.6896,0.8859,2
6IRF_32w.pdb,-1460.20395,0.8837,0
6IRF_33w.pdb,-1380.88606,0.8834,1
6IRF_34w.pdb,-1392.38182,0.8837,0
6IRF_35w.pdb,-1399.68345,0.8827,0
6IRF_36w.pdb,-1447.94052,0.8859,0
6IRF_37w.pdb,-1323.03956,0.8845,1
6IRF_38w.pdb,-1343.42541,0.8844,0
6IRF_39w.pdb,-1424.65887,0.8852,1
6IRF_3w.pdb,-1395.78157,0.8834,0
6IRF_40w.pdb,-1330.82494,0.8852,2
6IRF_41w.pdb,-1357.19178,0.8851,1
6IRF_42w.pdb,-1391.10527,0.8846,0
6IRF_43w.pdb,-1443.63751,0.8841,1
6IRF_44w.pdb,-1424.45221,0.8811,1
6IRF_45w.pdb,-1361.63515,0.8845,1
6IRF_46w.pdb,-1414.46595,0.8824,1
6IRF_47w.pdb,-1396.7176,0.884,1
6IRF_48w.pdb,-1400.54508,0.8851,0
6IRF_49w.pdb,-1354.79967,0.8836,3
6IRF_4w.pdb,-1366.75585,0.8854,0
6IRF_50w.pdb,-1382.39854,0.8843,2
6IRF_5w.pdb,-1421.5121,0.886,4
6IRF_6w.pdb,-1441.85242,0.8832,0
6IRF_7w.pdb,-1395.11126,0.8841,1
6IRF_8w.pdb,-1332.30647,0.8855,1
6IRF_9w.pdb,-1386.99256,0.8814,3
