structure,HADDOCK-score,correlation,atomic-clashes
6N1Q_10w.pdb,3872.4678,0.8856,33
6N1Q_11w.pdb,5549.36482,0.9048,44
6N1Q_12w.pdb,4045.0511,0.8867,33
6N1Q_13w.pdb,3921.9918,0.8886,32
6N1Q_14w.pdb,5625.99939,0.9053,44
6N1Q_15w.pdb,3940.2102,0.8834,34
6N1Q_16w.pdb,612.1805,0.8925,11
6N1Q_17w.pdb,4056.5698,0.8914,34
6N1Q_18w.pdb,5605.44578,0.8922,43
6N1Q_19w.pdb,5655.7614,0.8923,43
6N1Q_1w.pdb,5618.0173,0.898,44
6N1Q_20w.pdb,4109.8151,0.8805,34
6N1Q_21w.pdb,5618.91319,0.905,44
6N1Q_22w.pdb,2273.7401,0.8874,22
6N1Q_23w.pdb,515.6041,0.8855,12
6N1Q_24w.pdb,4058.7315,0.8941,33
6N1Q_25w.pdb,5645.49655,0.8972,44
6N1Q_26w.pdb,5564.77235,0.8976,44
6N1Q_27w.pdb,2188.0819,0.8901,22
6N1Q_28w.pdb,3907.98263,0.8899,33
6N1Q_29w.pdb,5641.05836,0.8926,44
6N1Q_2w.pdb,2251.3916,0.8912,24
6N1Q_30w.pdb,5646.2339,0.8878,44
6N1Q_31w.pdb,5563.3206,0.9059,44
6N1Q_32w.pdb,5615.63163,0.8936,44
6N1Q_33w.pdb,3918.93744,0.8873,32
6N1Q_34w.pdb,5728.4189,0.891,44
6N1Q_35w.pdb,3934.2376,0.8875,33
6N1Q_36w.pdb,3934.8229,0.8905,33
6N1Q_37w.pdb,5686.52893,0.891,44
6N1Q_38w.pdb,5606.37853,0.8906,41
6N1Q_39w.pdb,-1109.9534,0.8832,0
6N1Q_3w.pdb,5755.4389,0.8925,43
6N1Q_40w.pdb,5640.7755,0.9055,44
6N1Q_41w.pdb,4042.97595,0.8944,34
6N1Q_42w.pdb,2179.9078,0.8922,21
6N1Q_43w.pdb,5660.60453,0.8908,43
6N1Q_44w.pdb,5714.3717,0.8872,43
6N1Q_45w.pdb,3875.3215,0.8932,33
6N1Q_46w.pdb,5610.2831,0.9066,44
6N1Q_47w.pdb,5784.0325,0.8886,44
6N1Q_48w.pdb,5586.1663,0.8854,45
6N1Q_49w.pdb,4031.90732,0.8945,33
6N1Q_4w.pdb,3956.63952,0.8872,33
6N1Q_50w.pdb,5707.15751,0.8958,43
6N1Q_5w.pdb,5612.02382,0.8898,42
6N1Q_6w.pdb,5686.30215,0.8938,44
6N1Q_7w.pdb,2329.3553,0.8851,23
6N1Q_8w.pdb,5680.45993,0.8885,44
6N1Q_9w.pdb,4044.2551,0.8885,32
