structure,HADDOCK-score,correlation,atomic-clashes
6N8T_10w.pdb,-2306.75441,0.883,3
6N8T_11w.pdb,-2304.98931,0.883,3
6N8T_12w.pdb,-2407.5175,0.8755,0
6N8T_13w.pdb,-2398.5416,0.872,1
6N8T_14w.pdb,-2394.6548,0.8736,1
6N8T_15w.pdb,-2321.9862,0.8753,0
6N8T_16w.pdb,-2269.2935,0.8754,0
6N8T_17w.pdb,-2320.5378,0.8763,0
6N8T_18w.pdb,-2534.9094,0.872,1
6N8T_19w.pdb,-2515.53132,0.8765,0
6N8T_1w.pdb,-2347.0905,0.8781,0
6N8T_20w.pdb,-2371.4991,0.8728,0
6N8T_21w.pdb,-2403.3232,0.8735,0
6N8T_22w.pdb,-2445.2912,0.8731,0
6N8T_23w.pdb,-2401.4389,0.8772,1
6N8T_24w.pdb,-2488.914,0.8735,0
6N8T_25w.pdb,-2368.2436,0.8743,0
6N8T_26w.pdb,-2209.9042,0.8716,0
6N8T_27w.pdb,-2505.0039,0.8759,0
6N8T_28w.pdb,-2502.3987,0.8772,1
6N8T_29w.pdb,-2541.5212,0.8744,1
6N8T_2w.pdb,-2303.06736,0.883,3
6N8T_30w.pdb,-2391.3155,0.8749,2
6N8T_31w.pdb,-2459.0318,0.8737,0
6N8T_32w.pdb,-2449.042,0.8791,0
6N8T_33w.pdb,-2442.7339,0.8734,0
6N8T_34w.pdb,-2350.9897,0.8739,0
6N8T_35w.pdb,-2499.8742,0.8754,0
6N8T_36w.pdb,-2475.5062,0.8765,1
6N8T_37w.pdb,-2415.5162,0.8766,0
6N8T_38w.pdb,-2420.3274,0.8726,1
6N8T_39w.pdb,-2312.64096,0.883,3
6N8T_3w.pdb,-2309.24129,0.883,2
6N8T_40w.pdb,-2464.4986,0.878,0
6N8T_41w.pdb,-2372.2134,0.8748,0
6N8T_42w.pdb,-2260.4902,0.8699,0
6N8T_43w.pdb,-2199.7012,0.8714,2
6N8T_44w.pdb,-2329.719,0.8764,0
6N8T_45w.pdb,-2429.0148,0.8751,0
6N8T_46w.pdb,-2393.1362,0.8771,0
6N8T_47w.pdb,-2309.37192,0.883,3
6N8T_48w.pdb,-2339.0056,0.8754,1
6N8T_49w.pdb,-2304.92619,0.8831,1
6N8T_4w.pdb,-2422.636,0.8781,0
6N8T_50w.pdb,-2292.1982,0.8742,1
6N8T_5w.pdb,-2298.23768,0.883,3
6N8T_6w.pdb,-2308.24848,0.883,1
6N8T_7w.pdb,-2192.2631,0.871,1
6N8T_8w.pdb,-2390.3145,0.8771,1
6N8T_9w.pdb,-2590.3,0.8729,0
