structure,HADDOCK-score,correlation,atomic-clashes
6N8Z_10w.pdb,-2116.5733,0.9293,0
6N8Z_11w.pdb,-2163.9136,0.931,2
6N8Z_12w.pdb,-2220.1063,0.9269,3
6N8Z_13w.pdb,-2365.2996,0.929,1
6N8Z_14w.pdb,-2095.1333,0.9292,2
6N8Z_15w.pdb,-2030.1291,0.9283,0
6N8Z_16w.pdb,-2139.4862,0.929,0
6N8Z_17w.pdb,-2170.8064,0.929,0
6N8Z_18w.pdb,-2179.6714,0.9285,0
6N8Z_19w.pdb,-2183.3966,0.9288,1
6N8Z_1w.pdb,-2189.8655,0.9305,0
6N8Z_20w.pdb,-2157.2782,0.9308,2
6N8Z_21w.pdb,-2222.3913,0.9308,0
6N8Z_22w.pdb,-2270.63555,0.9297,1
6N8Z_23w.pdb,-2138.0881,0.93,1
6N8Z_24w.pdb,-2114.6643,0.929,1
6N8Z_25w.pdb,-2163.966,0.9316,0
6N8Z_26w.pdb,-2238.3766,0.9297,2
6N8Z_27w.pdb,-2162.0974,0.9308,1
6N8Z_28w.pdb,-2278.7301,0.9304,2
6N8Z_29w.pdb,-2130.6471,0.9304,0
6N8Z_2w.pdb,-2249.9628,0.9295,1
6N8Z_30w.pdb,-2178.8832,0.9292,0
6N8Z_31w.pdb,-2093.5865,0.9273,2
6N8Z_32w.pdb,-2155.5341,0.9275,1
6N8Z_33w.pdb,-2298.7966,0.9294,1
6N8Z_34w.pdb,-2224.9652,0.9306,1
6N8Z_35w.pdb,-2070.5607,0.9287,0
6N8Z_36w.pdb,-2120.9693,0.9291,2
6N8Z_37w.pdb,-2171.1878,0.9285,0
6N8Z_38w.pdb,-2187.5902,0.9309,1
6N8Z_39w.pdb,-2293.7711,0.9301,0
6N8Z_3w.pdb,-2278.462,0.9285,2
6N8Z_40w.pdb,-2350.28482,0.9296,1
6N8Z_41w.pdb,-2146.1626,0.928,1
6N8Z_42w.pdb,-2240.4929,0.9298,1
6N8Z_43w.pdb,-2116.7088,0.9297,1
6N8Z_44w.pdb,-2074.88596,0.9326,5
6N8Z_45w.pdb,-2125.8051,0.9294,2
6N8Z_46w.pdb,-2225.7746,0.9285,1
6N8Z_47w.pdb,-2087.3652,0.9294,0
6N8Z_48w.pdb,-2065.7838,0.9302,1
6N8Z_49w.pdb,-2082.5283,0.9308,1
6N8Z_4w.pdb,-2245.8228,0.9266,0
6N8Z_50w.pdb,-2154.26693,0.9298,2
6N8Z_5w.pdb,-2178.558,0.9283,1
6N8Z_6w.pdb,-2294.30884,0.93,0
6N8Z_7w.pdb,-2105.0907,0.9277,0
6N8Z_8w.pdb,-2207.057,0.9314,1
6N8Z_9w.pdb,-2212.2644,0.9299,0
