structure,HADDOCK-score,correlation,atomic-clashes
6AHF_10w.pdb,-1056.448,0.8729,0
6AHF_11w.pdb,-1052.68,0.8806,0
6AHF_12w.pdb,-962.8949,0.8634,1
6AHF_13w.pdb,-1093.0876,0.8716,0
6AHF_14w.pdb,-1057.7683,0.8746,0
6AHF_15w.pdb,-1047.0673,0.8788,1
6AHF_16w.pdb,-949.2651,0.8715,0
6AHF_17w.pdb,-855.92594,0.895,1
6AHF_18w.pdb,-1058.0771,0.8787,0
6AHF_19w.pdb,-1014.2991,0.8667,0
6AHF_1w.pdb,-1043.3807,0.8735,0
6AHF_20w.pdb,-1122.004,0.8701,0
6AHF_21w.pdb,-1044.4151,0.8757,0
6AHF_22w.pdb,-1017.4407,0.8752,0
6AHF_23w.pdb,-935.5016,0.8617,0
6AHF_24w.pdb,-1033.7515,0.8743,0
6AHF_25w.pdb,-1047.1422,0.8809,0
6AHF_26w.pdb,-1055.7383,0.8729,0
6AHF_27w.pdb,-903.4734,0.8786,0
6AHF_28w.pdb,-1041.4364,0.855,0
6AHF_29w.pdb,-1123.9189,0.8703,0
6AHF_2w.pdb,-966.109,0.8788,0
6AHF_30w.pdb,-1072.8035,0.8797,0
6AHF_31w.pdb,-1048.9327,0.8779,0
6AHF_32w.pdb,-981.7996,0.8693,0
6AHF_33w.pdb,-1055.2007,0.8641,0
6AHF_34w.pdb,-860.85356,0.8948,1
6AHF_35w.pdb,-978.6351,0.8702,0
6AHF_36w.pdb,-989.831,0.8691,0
6AHF_37w.pdb,-1125.9188,0.877,1
6AHF_38w.pdb,-1029.7748,0.8678,0
6AHF_39w.pdb,-1067.3294,0.8717,1
6AHF_3w.pdb,-1037.6176,0.8788,0
6AHF_40w.pdb,-1127.5759,0.8683,2
6AHF_41w.pdb,-1035.5211,0.881,2
6AHF_42w.pdb,-976.6953,0.8735,2
6AHF_43w.pdb,-1152.1385,0.8748,1
6AHF_44w.pdb,-984.9536,0.8683,1
6AHF_45w.pdb,-1149.8479,0.8754,0
6AHF_46w.pdb,-1034.6051,0.8635,0
6AHF_47w.pdb,-1025.2691,0.8798,0
6AHF_48w.pdb,-1070.8575,0.8772,0
6AHF_49w.pdb,-1036.3586,0.8646,1
6AHF_4w.pdb,-1140.3237,0.8636,2
6AHF_50w.pdb,-976.3795,0.8798,0
6AHF_5w.pdb,-1022.7818,0.8726,2
6AHF_6w.pdb,-1055.0353,0.8785,0
6AHF_7w.pdb,-1090.9235,0.8793,0
6AHF_8w.pdb,-1052.6037,0.8765,2
6AHF_9w.pdb,-1056.9702,0.8673,1
