structure,HADDOCK-score,clashscore,ramaoutliers,rotameroutliers,molprobety-score
3J95_5w.pdb,-1606.6189,7.58,1.80,10.84,2.72
3J95_16w.pdb,-1548.1562,8.38,1.52,9.91,2.72
3J95_11w.pdb,-1513.75713,7.25,1.62,10.68,2.69
3J95_19w.pdb,-1483.19944,8.16,1.73,10.60,2.75
