structure,HADDOCK-score,Helix,Sheet,Turn,Coil,All
5GRS_45w.pdb,-2322.694375,1052,616,823,425,2916
5GRS_44w.pdb,-2301.007961,1040,626,838,401,2905
5GRS_15w.pdb,-2291.991571,1040,619,838,411,2908
5GRS_2w.pdb,-2286.983512,1006,632,845,430,2913
