structure,HADDOCK-score,Helix,Sheet,Turn,Coil,All
5HNY_36w.pdb,-529.684007,252,503,369,202,1326
5HNY_50w.pdb,-504.331721,248,509,372,194,1323
5HNY_29w.pdb,-502.960951,243,504,376,202,1325
5HNY_12w.pdb,-491.581856,258,491,412,183,1344
