structure,HADDOCK-score,Helix,Sheet,unordered
5HNY_36w.pdb,-529.684007,38.6,16.6,44.7
5HNY_50w.pdb,-504.331721,39.6,17.6,42.8
5HNY_29w.pdb,-502.960951,40.6,17.6,41.8
5HNY_12w.pdb,-491.581856,38.3,16.5,45.2
