structure,HADDOCK-score,Helix,Sheet,Turn,Coil,All
5WCB_47w.pdb,-1108.02647,177,814,550,359,1900
5WCB_43w.pdb,-1105.12495,158,810,608,339,1915
5WCB_17w.pdb,-1103.485175,175,827,592,330,1924
5WCB_32w.pdb,-1092.94897,173,820,588,337,1918
