structure,HADDOCK-score,Helix,Sheet,unordered
6ENY_36w.pdb,-722.985825,19.1,29.1,51.8
6ENY_24w.pdb,-714.019749,18.9,28.4,52.7
6ENY_44w.pdb,-712.91873,18.9,28.1,53.0
6ENY_17w.pdb,-709.77424,19.2,28.2,52.7
