structure,HADDOCK-score,Helix,Sheet,Turn,Coil,All
6IRF_48w.pdb,-1414.9955,657,1258,979,632,3526
6IRF_46w.pdb,-1409.47895,629,1270,966,640,3505
6IRF_6w.pdb,-1398.99507,625,1267,1014,631,3537
6IRF_33w.pdb,-1377.60425,665,1275,956,638,3534
