structure,HADDOCK-score,Helix,Sheet,unordered
6IRF_48w.pdb,-1414.9955,37.0,13.8,49.1
6IRF_46w.pdb,-1409.47895,36.9,13.3,49.8
6IRF_6w.pdb,-1398.99507,37.2,12.6,50.3
6IRF_33w.pdb,-1377.60425,36.3,13.0,50.7
