structure,HADDOCK-score,Helix,Sheet,unordered
6N7G_48w.pdb,-570.85417,52.3,4.1,43.6
6N7G_11w.pdb,-553.63022,52.5,4.3,43.2
6N7G_43w.pdb,-553.01932,52.1,4.3,43.6
6N7G_5w.pdb,-547.28924,52.4,4.3,43.3
