structure,HADDOCK-score,Helix,Sheet,Turn,Coil,All
6N7G_43w.pdb,-614.55435,166,1249,676,351,2442
6N7G_48w.pdb,-604.40674,171,1223,725,327,2446
6N7G_1w.pdb,-602.0604,158,1245,703,339,2445
6N7G_21w.pdb,-597.22409,155,1224,686,370,2435
