structure,HADDOCK-score,Helix,Sheet,unordered
6N7G_43w.pdb,-614.55435,52.8,4.0,43.2
6N7G_48w.pdb,-604.40674,53.8,4.2,42.0
6N7G_1w.pdb,-602.0604,53.4,4.2,42.5
6N7G_21w.pdb,-597.22409,52.5,3.7,43.8
