structure,HADDOCK-score,Helix,Sheet,Turn,Coil,All
6N8Z_29w.pdb,-2301.94206,509,2262,1271,630,4672
6N8Z_15w.pdb,-2207.14897,491,2258,1310,611,4670
6N8Z_13w.pdb,-2202.5273,500,2249,1301,627,4677
6N8Z_11w.pdb,-2196.1876,495,2251,1288,635,4669
