structure,HADDOCK-score,Helix,Sheet,unordered
6N8Z_29w.pdb,-2301.94206,49.6,8.2,42.2
6N8Z_15w.pdb,-2207.14897,49.2,8.3,42.4
6N8Z_13w.pdb,-2202.5273,49.4,8.3,42.3
6N8Z_11w.pdb,-2196.1876,48.9,8.1,43.0
