structure,HADDOCK-score,Helix,Sheet,Turn,Coil,All
6UBY_50w.pdb,-1189.50294,570,1104,957,444,3075
6UBY_46w.pdb,-1187.609342,573,1094,1022,405,3094
6UBY_1w.pdb,-1184.182359,574,1086,998,426,3084
6UBY_23w.pdb,-1179.339167,566,1114,986,414,3080
