structure,HADDOCK-score,Helix,Sheet,unordered
6UC0_23w.pdb,-1367.1013,40.3,15.6,44.1
6UC0_40w.pdb,-1359.3935,39.3,15.5,45.1
6UC0_37w.pdb,-1351.9253146,40.0,15.2,44.8
6UC0_43w.pdb,-1344.9482515,39.1,15.3,45.6
