structure,HADDOCK-score,correlation,atomic-clashes
6N1Q_10w.pdb,5573.68493,,43
6N1Q_11w.pdb,5589.71806,,44
6N1Q_12w.pdb,5568.1996,,44
6N1Q_13w.pdb,5571.13376,,44
6N1Q_14w.pdb,5582.0896,,44
6N1Q_15w.pdb,5615.4729,,44
6N1Q_16w.pdb,5615.9494,,44
6N1Q_17w.pdb,5625.08464,,44
6N1Q_18w.pdb,5587.3557,,43
6N1Q_19w.pdb,5640.2168,,44
6N1Q_1w.pdb,5582.0896,,44
6N1Q_20w.pdb,5618.38213,,44
6N1Q_21w.pdb,5588.5547,,43
6N1Q_22w.pdb,5629.6126,,44
6N1Q_23w.pdb,5627.5413,,44
6N1Q_24w.pdb,5582.0896,,44
6N1Q_25w.pdb,5636.42379,,44
6N1Q_26w.pdb,5582.0896,,44
6N1Q_27w.pdb,5596.83904,,44
6N1Q_28w.pdb,5582.0896,,44
6N1Q_29w.pdb,5659.2578,,44
6N1Q_2w.pdb,5655.9277,,44
6N1Q_30w.pdb,5568.12496,,44
6N1Q_31w.pdb,5623.7555,,44
6N1Q_32w.pdb,5597.2364,,44
6N1Q_33w.pdb,5585.1054,,44
6N1Q_34w.pdb,5624.76033,,44
6N1Q_35w.pdb,5610.2342,,43
6N1Q_36w.pdb,5580.84255,,44
6N1Q_37w.pdb,5645.63928,,44
6N1Q_38w.pdb,5622.71478,,43
6N1Q_39w.pdb,5548.6348,,44
6N1Q_3w.pdb,5600.8703,,44
6N1Q_40w.pdb,5549.87323,,44
6N1Q_41w.pdb,5582.0896,,44
6N1Q_42w.pdb,5674.0831,,43
6N1Q_43w.pdb,5614.68712,,43
6N1Q_44w.pdb,5634.1254,,44
6N1Q_45w.pdb,5588.7598,,44
6N1Q_46w.pdb,5582.0896,,44
6N1Q_47w.pdb,5646.32285,,44
6N1Q_48w.pdb,5577.5868,,43
6N1Q_49w.pdb,5575.2855,,44
6N1Q_4w.pdb,5627.42342,,44
6N1Q_50w.pdb,5603.2706,,44
6N1Q_5w.pdb,5612.6723,,44
6N1Q_6w.pdb,5582.0896,,44
6N1Q_7w.pdb,5593.31454,,44
6N1Q_8w.pdb,5668.4997,,44
6N1Q_9w.pdb,5630.74684,,44
