structure,HADDOCK-score,correlation,atomic-clashes
3J95_10w.pdb,-1440.517733,0.9261,0
3J95_11w.pdb,-1437.933821,0.9282,0
3J95_12w.pdb,-1375.8085,0.9249,0
3J95_13w.pdb,-1428.448942,0.9273,0
3J95_14w.pdb,-1377.926455,0.9265,0
3J95_15w.pdb,-1402.010314,0.9251,0
3J95_16w.pdb,-1461.428265,0.9271,1
3J95_17w.pdb,-1454.49404,0.9256,0
3J95_18w.pdb,-1236.393393,0.9385,0
3J95_19w.pdb,-1418.4429,0.9265,1
3J95_1w.pdb,-1374.265961,0.9249,2
3J95_20w.pdb,-1524.419142,0.9278,0
3J95_21w.pdb,-1446.91625,0.9252,2
3J95_22w.pdb,-1452.488689,0.9285,1
3J95_23w.pdb,-1452.293226,0.9279,0
3J95_24w.pdb,-1425.72939,0.9293,0
3J95_25w.pdb,-1472.10161,0.9252,0
3J95_26w.pdb,-1410.389286,0.9295,0
3J95_27w.pdb,-1426.797836,0.9256,3
3J95_28w.pdb,-1411.710376,0.9273,0
3J95_29w.pdb,-1547.893235,0.9266,0
3J95_2w.pdb,-1487.203151,0.9283,1
3J95_30w.pdb,-1431.51675,0.932,1
3J95_31w.pdb,-1473.525243,0.9277,0
3J95_32w.pdb,-1421.42685,0.9272,0
3J95_33w.pdb,-1423.788255,0.9268,0
3J95_34w.pdb,-1417.567806,0.9261,0
3J95_35w.pdb,-1461.981826,0.9274,0
3J95_36w.pdb,-1439.05502,0.9318,0
3J95_37w.pdb,-1516.09243,0.9274,1
3J95_38w.pdb,-1463.008146,0.9292,0
3J95_39w.pdb,-1406.50438,0.9281,1
3J95_3w.pdb,-1498.540904,0.9275,0
3J95_40w.pdb,-1441.650649,0.9263,0
3J95_41w.pdb,-1417.09433,0.9243,1
3J95_42w.pdb,-1442.342482,0.9272,1
3J95_43w.pdb,-1385.040432,0.9271,0
3J95_44w.pdb,-1445.605785,0.927,0
3J95_45w.pdb,-1492.991917,0.927,1
3J95_46w.pdb,-1443.548639,0.9274,0
3J95_47w.pdb,-1492.09473,0.928,1
3J95_48w.pdb,-1443.070938,0.9277,0
3J95_49w.pdb,-1400.39119,0.9294,0
3J95_4w.pdb,-1409.61651,0.9255,0
3J95_50w.pdb,-1441.57896,0.9257,0
3J95_5w.pdb,-1425.844132,0.9276,1
3J95_6w.pdb,-1416.896937,0.927,0
3J95_7w.pdb,-1490.597901,0.9259,0
3J95_8w.pdb,-1339.87537,0.9311,1
3J95_9w.pdb,-1458.908774,0.9298,1
