structure,HADDOCK-score,correlation,atomic-clashes
3J96_10w.pdb,-3738.19434,0.926,0
3J96_11w.pdb,-3797.46768,0.9274,1
3J96_12w.pdb,-3735.90374,0.925,1
3J96_13w.pdb,-3738.8841,0.926,0
3J96_14w.pdb,-3818.11248,0.9245,0
3J96_15w.pdb,-3734.23459,0.9265,1
3J96_16w.pdb,-3754.92924,0.9254,0
3J96_17w.pdb,-3787.66272,0.9284,2
3J96_18w.pdb,-3685.51538,0.9248,2
3J96_19w.pdb,-3706.19446,0.9258,1
3J96_1w.pdb,-3658.66604,0.9249,0
3J96_20w.pdb,-3714.00051,0.9265,0
3J96_21w.pdb,-3823.48327,0.9242,1
3J96_22w.pdb,-3700.13475,0.9257,0
3J96_23w.pdb,-3766.42881,0.9258,0
3J96_24w.pdb,-3717.57746,0.9263,1
3J96_25w.pdb,-3688.78656,0.9248,5
3J96_26w.pdb,-3818.73846,0.9265,4
3J96_27w.pdb,-3751.66331,0.9262,0
3J96_28w.pdb,-3841.89243,0.9264,0
3J96_29w.pdb,-3651.08572,0.9267,2
3J96_2w.pdb,-3755.92153,0.9272,2
3J96_30w.pdb,-3722.44969,0.9251,1
3J96_31w.pdb,-3768.6918,0.9257,3
3J96_32w.pdb,-3643.87898,0.9251,1
3J96_33w.pdb,-3691.74782,0.9274,1
3J96_34w.pdb,-3802.17578,0.9268,1
3J96_35w.pdb,-3854.24989,0.9253,1
3J96_36w.pdb,-3613.45914,0.9262,1
3J96_37w.pdb,-3770.22855,0.9252,2
3J96_38w.pdb,-3801.51482,0.9257,1
3J96_39w.pdb,-3827.00694,0.9266,0
3J96_3w.pdb,-3737.86414,0.9251,0
3J96_40w.pdb,-3786.40875,0.9263,1
3J96_41w.pdb,-3815.70778,0.9262,3
3J96_42w.pdb,-3797.97099,0.9259,5
3J96_43w.pdb,-3751.25551,0.9253,1
3J96_44w.pdb,-3686.713,0.9254,0
3J96_45w.pdb,-3753.11139,0.9249,1
3J96_46w.pdb,-3821.06318,0.9263,3
3J96_47w.pdb,-3749.01291,0.9241,1
3J96_48w.pdb,-3741.66573,0.9259,1
3J96_49w.pdb,-3733.29694,0.926,1
3J96_4w.pdb,-3655.43334,0.9234,2
3J96_50w.pdb,-3796.73739,0.9254,2
3J96_5w.pdb,-3726.4777,0.9231,0
3J96_6w.pdb,-3801.45697,0.9272,2
3J96_7w.pdb,-3687.67775,0.9252,1
3J96_8w.pdb,-3719.68323,0.9249,1
3J96_9w.pdb,-3695.35933,0.9258,0
