structure,HADDOCK-score,correlation,atomic-clashes
5GRS_10w.pdb,-2404.796012,0.8916,0
5GRS_11w.pdb,-2418.455536,0.892,2
5GRS_12w.pdb,-2261.5086,0.891,0
5GRS_13w.pdb,-2307.394914,0.8874,0
5GRS_14w.pdb,-2344.61306,0.8936,1
5GRS_15w.pdb,-2196.6144,0.8918,0
5GRS_16w.pdb,-2302.05809,0.8906,1
5GRS_17w.pdb,-2287.08289,0.8943,0
5GRS_18w.pdb,-2261.222479,0.8884,0
5GRS_19w.pdb,-2483.042741,0.8918,0
5GRS_1w.pdb,-2250.042505,0.8916,0
5GRS_20w.pdb,-2339.497712,0.8888,1
5GRS_21w.pdb,-2320.961221,0.8923,1
5GRS_22w.pdb,-2270.17292,0.8883,1
5GRS_23w.pdb,-2311.7848,0.8892,0
5GRS_24w.pdb,-2310.86727,0.8928,1
5GRS_25w.pdb,-2157.94792,0.8878,1
5GRS_26w.pdb,-2377.824575,0.8899,0
5GRS_27w.pdb,-2248.213434,0.8907,0
5GRS_28w.pdb,-2310.055405,0.8893,0
5GRS_29w.pdb,-2331.308116,0.8913,0
5GRS_2w.pdb,-2310.19751,0.8937,0
5GRS_30w.pdb,-2265.082351,0.8892,1
5GRS_31w.pdb,-2213.226537,0.891,1
5GRS_32w.pdb,-2254.296934,0.8904,0
5GRS_33w.pdb,-2346.195203,0.8907,0
5GRS_34w.pdb,-2250.979004,0.8862,0
5GRS_35w.pdb,-2324.596882,0.8914,0
5GRS_36w.pdb,-2223.864127,0.8894,1
5GRS_37w.pdb,-2088.9801,0.888,1
5GRS_38w.pdb,-2327.918123,0.8891,0
5GRS_39w.pdb,-2297.92883,0.8896,0
5GRS_3w.pdb,-2236.12012,0.8907,0
5GRS_40w.pdb,-2322.45537,0.8913,0
5GRS_41w.pdb,-2321.921683,0.893,1
5GRS_42w.pdb,-2310.974031,0.891,0
5GRS_43w.pdb,-2319.278474,0.8885,0
5GRS_44w.pdb,-2334.781567,0.8913,0
5GRS_45w.pdb,-2351.821605,0.8905,0
5GRS_46w.pdb,-2264.666856,0.8912,0
5GRS_47w.pdb,-2241.80026,0.8928,3
5GRS_48w.pdb,-2378.323728,0.8889,1
5GRS_49w.pdb,-2250.515464,0.8904,0
5GRS_4w.pdb,-2221.48382,0.8877,0
5GRS_50w.pdb,-2294.974877,0.8928,0
5GRS_5w.pdb,-2270.033408,0.8918,0
5GRS_6w.pdb,-2404.70561,0.8904,0
5GRS_7w.pdb,-2360.428955,0.891,1
5GRS_8w.pdb,-2228.80653,0.8894,1
5GRS_9w.pdb,-2346.183547,0.8896,0
