structure,HADDOCK-score,correlation,atomic-clashes
5WCB_10w.pdb,-1083.35243,0.8918,0
5WCB_11w.pdb,-1117.55736,0.894,0
5WCB_12w.pdb,-1096.34524,0.8932,0
5WCB_13w.pdb,-1088.23909,0.8941,0
5WCB_14w.pdb,-1148.65836,0.8961,0
5WCB_15w.pdb,-1105.03575,0.896,0
5WCB_16w.pdb,-1153.24784,0.8949,0
5WCB_17w.pdb,-1110.76665,0.8955,0
5WCB_18w.pdb,-1066.52868,0.8976,0
5WCB_19w.pdb,-1128.90202,0.893,0
5WCB_1w.pdb,-1149.71438,0.8963,0
5WCB_20w.pdb,-1076.2092,0.8947,0
5WCB_21w.pdb,-1134.52044,0.8964,0
5WCB_22w.pdb,-1120.27989,0.8937,0
5WCB_23w.pdb,-1143.18504,0.8957,0
5WCB_24w.pdb,-1163.25328,0.8988,0
5WCB_25w.pdb,-1096.14213,0.8951,1
5WCB_26w.pdb,-1182.54035,0.8971,0
5WCB_27w.pdb,-1073.82162,0.8938,0
5WCB_28w.pdb,-1096.16345,0.8938,0
5WCB_29w.pdb,-1115.85194,0.8961,0
5WCB_2w.pdb,-1128.57779,0.8969,1
5WCB_30w.pdb,-1082.69325,0.8941,0
5WCB_31w.pdb,-1061.30678,0.8951,0
5WCB_32w.pdb,-1184.99202,0.8965,2
5WCB_33w.pdb,-1038.45903,0.8948,0
5WCB_34w.pdb,-1073.77863,0.8931,0
5WCB_35w.pdb,-1117.44282,0.8963,0
5WCB_36w.pdb,-1146.37379,0.8978,0
5WCB_37w.pdb,-1115.29655,0.8949,0
5WCB_38w.pdb,-1074.62927,0.897,0
5WCB_39w.pdb,-1074.69719,0.8943,0
5WCB_3w.pdb,-1089.50026,0.8947,0
5WCB_40w.pdb,-1102.75621,0.8939,0
5WCB_41w.pdb,-1101.4537,0.8973,0
5WCB_42w.pdb,-1114.82907,0.8949,0
5WCB_43w.pdb,-1088.70328,0.8932,0
5WCB_44w.pdb,-1064.34318,0.895,0
5WCB_45w.pdb,-1087.35258,0.8981,0
5WCB_46w.pdb,-1099.2427,0.8959,0
5WCB_47w.pdb,-1054.26189,0.8957,0
5WCB_48w.pdb,-1077.93964,0.8952,0
5WCB_49w.pdb,-1123.87396,0.897,0
5WCB_4w.pdb,-1066.77262,0.8966,0
5WCB_50w.pdb,-1092.01988,0.8955,0
5WCB_5w.pdb,-1134.19351,0.8956,0
5WCB_6w.pdb,-1150.04224,0.8981,1
5WCB_7w.pdb,-1112.92711,0.8953,0
5WCB_8w.pdb,-1128.47272,0.8955,0
5WCB_9w.pdb,-1055.58821,0.8955,1
