structure,HADDOCK-score,correlation,atomic-clashes
6AHF_10w.pdb,-992.1507,0.8684,0
6AHF_11w.pdb,-953.40349,0.8681,0
6AHF_12w.pdb,-626.9594,0.8606,0
6AHF_13w.pdb,-937.5889,0.8683,0
6AHF_14w.pdb,-1150.2174,0.8725,0
6AHF_15w.pdb,-1067.9462,0.8774,1
6AHF_16w.pdb,-1030.0412,0.8724,0
6AHF_17w.pdb,-1036.6649,0.8705,2
6AHF_18w.pdb,-982.9424,0.8732,0
6AHF_19w.pdb,-1132.94988,0.8763,0
6AHF_1w.pdb,-1115.2806,0.8798,0
6AHF_20w.pdb,-1065.462,0.8716,0
6AHF_21w.pdb,-982.97797,0.8728,3
6AHF_22w.pdb,-1039.3381,0.877,1
6AHF_23w.pdb,-1034.78543,0.8791,0
6AHF_24w.pdb,-1110.6233,0.8768,0
6AHF_25w.pdb,-1044.8302,0.8783,0
6AHF_26w.pdb,-1016.6221,0.8692,0
6AHF_27w.pdb,-935.5461,0.8669,1
6AHF_28w.pdb,-1014.2768,0.8752,1
6AHF_29w.pdb,-996.65337,0.8744,0
6AHF_2w.pdb,-919.6054,0.8698,0
6AHF_30w.pdb,-1036.6457,0.8783,0
6AHF_31w.pdb,-1050.1222,0.871,0
6AHF_32w.pdb,-984.2972,0.867,1
6AHF_33w.pdb,-631.5257,0.8606,0
6AHF_34w.pdb,-889.7735,0.8695,0
6AHF_35w.pdb,-1042.2465,0.8694,1
6AHF_36w.pdb,-1089.51609,0.8757,0
6AHF_37w.pdb,-992.8749,0.8733,0
6AHF_38w.pdb,-1119.48646,0.8728,0
6AHF_39w.pdb,-1009.97755,0.8793,0
6AHF_3w.pdb,-892.2943,0.8566,0
6AHF_40w.pdb,-1001.4824,0.8718,0
6AHF_41w.pdb,-1128.21152,0.8812,0
6AHF_42w.pdb,-1039.5833,0.874,0
6AHF_43w.pdb,-979.64,0.8744,2
6AHF_44w.pdb,-993.4864,0.8751,1
6AHF_45w.pdb,-1009.1853,0.8717,2
6AHF_46w.pdb,-1109.6062,0.8707,0
6AHF_47w.pdb,-1077.21,0.8788,0
6AHF_48w.pdb,-975.41,0.8652,0
6AHF_49w.pdb,-1046.3226,0.8729,0
6AHF_4w.pdb,-998.7608,0.8738,0
6AHF_50w.pdb,-1016.974,0.8737,0
6AHF_5w.pdb,-1061.27181,0.8762,0
6AHF_6w.pdb,-1035.8739,0.8713,0
6AHF_7w.pdb,-945.2992,0.869,1
6AHF_8w.pdb,-975.7065,0.8792,2
6AHF_9w.pdb,-1098.6115,0.8738,0
