structure,HADDOCK-score,correlation,atomic-clashes
6C3P_10w.pdb,-2408.41052,0.5284,1
6C3P_11w.pdb,-2306.77768,0.5318,1
6C3P_12w.pdb,-2364.14937,0.5288,0
6C3P_13w.pdb,-2365.29068,0.5355,0
6C3P_14w.pdb,-2331.3077,0.5357,0
6C3P_15w.pdb,-2348.49435,0.5358,0
6C3P_16w.pdb,-2395.38274,0.5292,1
6C3P_17w.pdb,-2251.10178,0.5342,0
6C3P_18w.pdb,-2388.5899,0.5295,0
6C3P_19w.pdb,-2288.5648,0.5374,1
6C3P_1w.pdb,-2352.02728,0.532,0
6C3P_20w.pdb,-2318.24679,0.5322,1
6C3P_21w.pdb,-2330.37754,0.5353,1
6C3P_22w.pdb,-2404.63058,0.5362,1
6C3P_23w.pdb,-2367.63527,0.5305,1
6C3P_24w.pdb,-2385.02768,0.5298,0
6C3P_25w.pdb,-2380.24248,0.5279,1
6C3P_26w.pdb,-2358.897,0.5377,1
6C3P_27w.pdb,-2336.11147,0.5359,0
6C3P_28w.pdb,-2373.93441,0.5337,3
6C3P_29w.pdb,-2332.88801,0.533,0
6C3P_2w.pdb,-2415.65403,0.5278,0
6C3P_30w.pdb,-2175.59076,0.5423,3
6C3P_31w.pdb,-2381.8558,0.5331,1
6C3P_32w.pdb,-2393.24193,0.5272,1
6C3P_33w.pdb,-2370.07033,0.5354,1
6C3P_34w.pdb,-2388.66794,0.5314,1
6C3P_35w.pdb,-2321.48307,0.5311,1
6C3P_36w.pdb,-2175.25712,0.5423,3
6C3P_37w.pdb,-2176.98436,0.5423,3
6C3P_38w.pdb,-2354.13302,0.5361,0
6C3P_39w.pdb,-2323.72824,0.5312,0
6C3P_3w.pdb,-2318.34565,0.5339,0
6C3P_40w.pdb,-2289.91346,0.538,2
6C3P_41w.pdb,-2380.26088,0.5317,1
6C3P_42w.pdb,-2302.28661,0.5367,0
6C3P_43w.pdb,-2317.71924,0.5332,1
6C3P_44w.pdb,-2354.73244,0.528,0
6C3P_45w.pdb,-2397.1752,0.5282,1
6C3P_46w.pdb,-2315.81331,0.535,0
6C3P_47w.pdb,-2311.52407,0.5321,1
6C3P_48w.pdb,-2368.71469,0.5317,1
6C3P_49w.pdb,-2317.78805,0.5301,0
6C3P_4w.pdb,-2254.93718,0.5316,1
6C3P_50w.pdb,-2394.44025,0.53,0
6C3P_5w.pdb,-2375.46769,0.5313,0
6C3P_6w.pdb,-2386.11174,0.5311,1
6C3P_7w.pdb,-2370.98839,0.5306,1
6C3P_8w.pdb,-2339.58129,0.5261,0
6C3P_9w.pdb,-2324.88608,0.5328,1
