structure,HADDOCK-score,correlation,atomic-clashes
6ENY_10w.pdb,-629.49768,0.8862,0
6ENY_11w.pdb,-654.7866,0.8871,0
6ENY_12w.pdb,-667.55139,0.885,2
6ENY_13w.pdb,-668.02097,0.8876,1
6ENY_14w.pdb,-662.10202,0.8861,1
6ENY_15w.pdb,-672.99008,0.8867,0
6ENY_16w.pdb,-676.87981,0.8867,0
6ENY_17w.pdb,-695.18018,0.886,0
6ENY_18w.pdb,-681.50953,0.8862,0
6ENY_19w.pdb,-636.69579,0.8867,0
6ENY_1w.pdb,-656.61708,0.8884,3
6ENY_20w.pdb,-680.40158,0.8859,0
6ENY_21w.pdb,-661.75865,0.8863,0
6ENY_22w.pdb,-682.80394,0.886,1
6ENY_23w.pdb,-650.68056,0.8882,0
6ENY_24w.pdb,-647.01084,0.8868,0
6ENY_25w.pdb,-724.92174,0.8875,0
6ENY_26w.pdb,-637.89327,0.8868,0
6ENY_27w.pdb,-657.65191,0.8855,0
6ENY_28w.pdb,-687.69152,0.8867,0
6ENY_29w.pdb,-680.4768,0.8866,0
6ENY_2w.pdb,-700.02073,0.8855,0
6ENY_30w.pdb,-666.19149,0.8854,0
6ENY_31w.pdb,-670.60252,0.8856,0
6ENY_32w.pdb,-654.30909,0.8856,0
6ENY_33w.pdb,-672.92211,0.8848,0
6ENY_34w.pdb,-698.22537,0.8853,0
6ENY_35w.pdb,-668.88848,0.8861,0
6ENY_36w.pdb,-673.08145,0.8848,0
6ENY_37w.pdb,-691.77698,0.8869,0
6ENY_38w.pdb,-700.1363,0.8863,0
6ENY_39w.pdb,-714.85602,0.8869,0
6ENY_3w.pdb,-695.56683,0.8853,0
6ENY_40w.pdb,-683.55162,0.8855,0
6ENY_41w.pdb,-707.41523,0.8859,0
6ENY_42w.pdb,-678.07427,0.8861,0
6ENY_43w.pdb,-625.81761,0.8858,0
6ENY_44w.pdb,-675.04024,0.8855,0
6ENY_45w.pdb,-640.7399,0.8849,0
6ENY_46w.pdb,-670.01431,0.8865,0
6ENY_47w.pdb,-702.19933,0.8873,0
6ENY_48w.pdb,-666.08688,0.8855,0
6ENY_49w.pdb,-664.31565,0.8853,0
6ENY_4w.pdb,-664.85661,0.886,1
6ENY_50w.pdb,-651.37707,0.8865,0
6ENY_5w.pdb,-665.22095,0.8862,0
6ENY_6w.pdb,-647.77214,0.8872,1
6ENY_7w.pdb,-665.69441,0.8859,0
6ENY_8w.pdb,-668.17755,0.8864,0
6ENY_9w.pdb,-684.93784,0.884,0
