structure,HADDOCK-score,correlation,atomic-clashes
6IRF_10w.pdb,-1429.582946,0.8814,0
6IRF_11w.pdb,-1377.889288,0.8805,0
6IRF_12w.pdb,-1418.525977,0.8793,0
6IRF_13w.pdb,-1409.027159,0.8824,2
6IRF_14w.pdb,-1478.628525,0.8801,0
6IRF_15w.pdb,-1434.592376,0.8816,0
6IRF_16w.pdb,-1332.085629,0.8819,2
6IRF_17w.pdb,-1403.241174,0.8807,1
6IRF_18w.pdb,-1404.824873,0.8803,0
6IRF_19w.pdb,-1476.703393,0.8835,1
6IRF_1w.pdb,-1389.935322,0.8829,3
6IRF_20w.pdb,-1449.261095,0.8823,1
6IRF_21w.pdb,-1425.185327,0.8824,1
6IRF_22w.pdb,-1485.992851,0.8826,2
6IRF_23w.pdb,-1452.330276,0.8816,0
6IRF_24w.pdb,-1320.385286,0.8795,3
6IRF_25w.pdb,-1395.726948,0.8825,0
6IRF_26w.pdb,-1375.221813,0.8811,2
6IRF_27w.pdb,-1414.722382,0.8811,0
6IRF_28w.pdb,-1415.282777,0.8824,0
6IRF_29w.pdb,-1492.008627,0.8799,0
6IRF_2w.pdb,-1411.742717,0.8841,0
6IRF_30w.pdb,-1384.453316,0.8798,1
6IRF_31w.pdb,-1433.207524,0.8792,0
6IRF_32w.pdb,-1411.972212,0.8793,0
6IRF_33w.pdb,-1377.569229,0.8805,0
6IRF_34w.pdb,-1356.639036,0.8816,0
6IRF_35w.pdb,-1413.327288,0.8787,1
6IRF_36w.pdb,-1388.745948,0.8816,0
6IRF_37w.pdb,-1366.755879,0.8807,0
6IRF_38w.pdb,-1360.355556,0.8791,2
6IRF_39w.pdb,-1392.466016,0.8836,1
6IRF_3w.pdb,-1481.133355,0.8845,1
6IRF_40w.pdb,-1398.409049,0.8836,0
6IRF_41w.pdb,-1371.219459,0.8778,1
6IRF_42w.pdb,-1431.108479,0.8843,1
6IRF_43w.pdb,-1421.526074,0.8823,2
6IRF_44w.pdb,-1420.072313,0.8794,0
6IRF_45w.pdb,-1412.770912,0.8806,2
6IRF_46w.pdb,-1479.799978,0.8796,0
6IRF_47w.pdb,-1433.39373,0.8814,2
6IRF_48w.pdb,-1427.258222,0.881,1
6IRF_49w.pdb,-1371.684707,0.8779,1
6IRF_4w.pdb,-1551.632638,0.882,1
6IRF_50w.pdb,-1362.048108,0.8813,0
6IRF_5w.pdb,-1414.3818,0.8832,1
6IRF_6w.pdb,-1408.081285,0.8821,1
6IRF_7w.pdb,-1449.150809,0.8838,0
6IRF_8w.pdb,-1364.786252,0.8825,1
6IRF_9w.pdb,-1334.191422,0.8805,1
