structure,HADDOCK-score,correlation,atomic-clashes
6UBY_10w.pdb,-1152.134322,0.9548,0
6UBY_11w.pdb,-1141.308543,0.9545,0
6UBY_12w.pdb,-1214.623236,0.9557,0
6UBY_13w.pdb,-1151.398127,0.9554,0
6UBY_14w.pdb,-1128.760805,0.9548,0
6UBY_15w.pdb,-1141.869005,0.9548,0
6UBY_16w.pdb,-1117.05925,0.9538,0
6UBY_17w.pdb,-1173.954724,0.956,0
6UBY_18w.pdb,-1187.600547,0.9554,0
6UBY_19w.pdb,-1159.602861,0.9546,0
6UBY_1w.pdb,-1130.901306,0.9548,0
6UBY_20w.pdb,-1109.086856,0.9534,0
6UBY_21w.pdb,-1212.125015,0.956,0
6UBY_22w.pdb,-1163.276691,0.9556,0
6UBY_23w.pdb,-1167.893495,0.9549,0
6UBY_24w.pdb,-1193.723474,0.9557,1
6UBY_25w.pdb,-1172.614915,0.9557,0
6UBY_26w.pdb,-1144.340354,0.9543,0
6UBY_27w.pdb,-1134.548646,0.9562,0
6UBY_28w.pdb,-1157.508643,0.9551,0
6UBY_29w.pdb,-1148.711125,0.9534,0
6UBY_2w.pdb,-1172.473781,0.9554,0
6UBY_30w.pdb,-1163.483847,0.9565,0
6UBY_31w.pdb,-1114.638039,0.9549,0
6UBY_32w.pdb,-1172.718625,0.9554,0
6UBY_33w.pdb,-1123.61612,0.9541,0
6UBY_34w.pdb,-1188.29511,0.9552,0
6UBY_35w.pdb,-1150.190024,0.9555,0
6UBY_36w.pdb,-1122.352831,0.9555,0
6UBY_37w.pdb,-1137.605599,0.9553,0
6UBY_38w.pdb,-1180.675701,0.9558,0
6UBY_39w.pdb,-1136.742606,0.9552,0
6UBY_3w.pdb,-1162.619191,0.9553,0
6UBY_40w.pdb,-1163.637554,0.9557,0
6UBY_41w.pdb,-1182.379198,0.956,0
6UBY_42w.pdb,-1075.13795,0.956,0
6UBY_43w.pdb,-1135.38509,0.956,0
6UBY_44w.pdb,-1123.272127,0.956,0
6UBY_45w.pdb,-1175.317889,0.9565,0
6UBY_46w.pdb,-1175.245856,0.957,0
6UBY_47w.pdb,-1125.483363,0.956,0
6UBY_48w.pdb,-1212.993751,0.9554,0
6UBY_49w.pdb,-1158.236511,0.9563,0
6UBY_4w.pdb,-1134.738233,0.9562,0
6UBY_50w.pdb,-1146.590977,0.9549,0
6UBY_5w.pdb,-1118.161192,0.9545,1
6UBY_6w.pdb,-1139.454349,0.9553,0
6UBY_7w.pdb,-1117.146369,0.9557,0
6UBY_8w.pdb,-1185.82924,0.9539,0
6UBY_9w.pdb,-1114.984935,0.9552,0
