structure,HADDOCK-score,clashscore,ramaoutliers,rotameroutliers,molprobety-score
3J96_11w.pdb,-3221.05879,12.09,1.83,13.46,2.99
3J96_39w.pdb,-3219.51135,11.29,1.72,12.99,2.95
3J96_29w.pdb,-3211.86494,11.73,1.89,13.83,2.98
3J96_24w.pdb,-3156.31641,10.81,1.61,13.42,2.93
