structure,HADDOCK-score,correlation
3J96_1.pdb,-7097.9184,0.9227
3J96_10.pdb,-6803.4436,0.9217
3J96_11.pdb,-7000.7875,0.9237
3J96_12.pdb,-5931.16929,0.9144
3J96_13.pdb,-7029.97572,0.9206
3J96_14.pdb,-7130.21986,0.9241
3J96_15.pdb,-6639.8076,0.9221
3J96_16.pdb,-6720.02229,0.9225
3J96_17.pdb,-6813.2787,0.9228
3J96_18.pdb,-6159.13333,0.9127
3J96_19.pdb,-6942.02635,0.9242
3J96_2.pdb,-6931.6144,0.9217
3J96_20.pdb,-6825.2839,0.9228
3J96_21.pdb,-6660.2283,0.9204
3J96_22.pdb,-6815.4234,0.9234
3J96_23.pdb,-6602.25756,0.9222
3J96_24.pdb,-7266.2425,0.922
3J96_25.pdb,-6718.8784,0.921
3J96_26.pdb,-6584.8613,0.9192
3J96_27.pdb,-6559.5761,0.9198
3J96_28.pdb,-6160.5342,0.9136
3J96_29.pdb,-7031.56333,0.9244
3J96_3.pdb,-6553.6724,0.9236
3J96_30.pdb,-6714.915,0.9206
3J96_31.pdb,-6437.32227,0.9196
3J96_32.pdb,-5961.3641,0.9148
3J96_33.pdb,-6979.3864,0.9232
3J96_34.pdb,-6709.4956,0.9229
3J96_35.pdb,-6669.7807,0.9217
3J96_36.pdb,-6808.9343,0.9205
3J96_37.pdb,-6726.4861,0.9205
3J96_38.pdb,-6770.41469,0.9237
3J96_39.pdb,-7279.6137,0.923
3J96_4.pdb,-6680.9019,0.9224
3J96_40.pdb,-6773.44485,0.9232
3J96_41.pdb,-6946.7677,0.9216
3J96_42.pdb,-7038.9074,0.9199
3J96_43.pdb,-6871.0044,0.9229
3J96_44.pdb,-6652.324995,0.922
3J96_45.pdb,-7121.8449,0.922
3J96_46.pdb,-6789.7121,0.9228
3J96_47.pdb,-6611.97689,0.9189
3J96_48.pdb,-6744.73367,0.9215
3J96_49.pdb,-6762.05152,0.9216
3J96_5.pdb,-6653.7123,0.9206
3J96_50.pdb,-6985.5558,0.9191
3J96_6.pdb,-6481.3091,0.92
3J96_7.pdb,-6828.76701,0.9234
3J96_8.pdb,-5493.9016,0.8945
3J96_9.pdb,-6667.92793,0.9214
