structure,HADDOCK-score,Helix,Sheet,Turn,Coil,All
3J96_11w.pdb,-3221.05879,1014,2886,1528,793,6221
3J96_39w.pdb,-3219.51135,1017,2902,1498,795,6212
3J96_29w.pdb,-3211.86494,1022,2878,1549,782,6231
3J96_24w.pdb,-3156.31641,1018,2890,1546,776,6230
