structure,HADDOCK-score,Helix,Sheet,unordered
3J96_11w.pdb,-3221.05879,49.2,13.9,36.9
3J96_39w.pdb,-3219.51135,49.0,14.1,36.9
3J96_29w.pdb,-3211.86494,48.7,14.0,37.2
3J96_24w.pdb,-3156.31641,48.8,14.0,37.2
