structure,HADDOCK-score,Helix,Sheet,unordered
5GRS_40w.pdb,-1749.26069,23.9,27.1,49.0
5GRS_6w.pdb,-1721.787097,23.5,26.2,50.3
5GRS_36w.pdb,-1718.782588,23.5,27.3,49.2
5GRS_46w.pdb,-1716.79755,23.5,26.9,49.6
