structure,HADDOCK-score,Helix,Sheet,Turn,Coil,All
5GRS_40w.pdb,-1749.26069,937,627,811,515,2890
5GRS_6w.pdb,-1721.787097,933,618,823,516,2890
5GRS_36w.pdb,-1718.782588,936,623,819,509,2887
5GRS_46w.pdb,-1716.79755,942,632,797,513,2884
