structure,HADDOCK-score,Helix,Sheet,unordered
5HNY_26w.pdb,-405.312063,41.3,17.5,41.3
5HNY_46w.pdb,-404.923489,40.4,16.8,42.8
5HNY_5w.pdb,-394.042213,41.3,16.9,41.8
5HNY_13w.pdb,-387.875414,41.1,17.1,41.8
