structure,HADDOCK-score,correlation
5HNY_1.pdb,-699.74075,0.9345
5HNY_10.pdb,-748.83084,0.9356
5HNY_11.pdb,-735.745518,0.9361
5HNY_12.pdb,-747.51148,0.9352
5HNY_13.pdb,-753.860313,0.9343
5HNY_14.pdb,-726.30789,0.9345
5HNY_15.pdb,-681.743274,0.9345
5HNY_16.pdb,-785.5309,0.935
5HNY_17.pdb,-745.663194,0.935
5HNY_18.pdb,-250.17797,0.9305
5HNY_19.pdb,-582.07914,0.9327
5HNY_2.pdb,-735.5527,0.9345
5HNY_20.pdb,-690.23229,0.9341
5HNY_21.pdb,-694.39088,0.9345
5HNY_22.pdb,-715.44371,0.9356
5HNY_23.pdb,-742.418762,0.9336
5HNY_24.pdb,-589.85667,0.9332
5HNY_25.pdb,-695.02232,0.934
5HNY_26.pdb,-796.3297,0.9354
5HNY_27.pdb,-610.76623,0.9289
5HNY_28.pdb,-741.508897,0.9355
5HNY_29.pdb,-764.32516,0.9354
5HNY_3.pdb,-734.18945,0.9348
5HNY_30.pdb,-738.35694,0.9355
5HNY_31.pdb,-615.17302,0.935
5HNY_32.pdb,-613.0101,0.9338
5HNY_33.pdb,-656.62185,0.935
5HNY_34.pdb,-735.72864,0.933
5HNY_35.pdb,-747.81473,0.9356
5HNY_36.pdb,-717.05699,0.9344
5HNY_37.pdb,-721.62261,0.9346
5HNY_38.pdb,900.2246,0.9245
5HNY_39.pdb,-717.931808,0.9336
5HNY_4.pdb,-692.98358,0.9361
5HNY_40.pdb,-732.09524,0.9334
5HNY_41.pdb,-707.83356,0.9343
5HNY_42.pdb,-828.12469,0.936
5HNY_43.pdb,-584.30631,0.9359
5HNY_44.pdb,-577.482393,0.9311
5HNY_45.pdb,-580.69365,0.9326
5HNY_46.pdb,-733.55432,0.9358
5HNY_47.pdb,-744.7626,0.9352
5HNY_48.pdb,-783.1715,0.9336
5HNY_49.pdb,-686.94223,0.9351
5HNY_5.pdb,-786.44277,0.9367
5HNY_50.pdb,-250.17797,0.9305
5HNY_6.pdb,-635.19594,0.9344
5HNY_7.pdb,-664.106337,0.9353
5HNY_8.pdb,-735.52801,0.9335
5HNY_9.pdb,-778.17901,0.9354
