structure,HADDOCK-score,Helix,Sheet,Turn,Coil,All
5HNY_26w.pdb,-405.312063,259,490,399,179,1327
5HNY_46w.pdb,-404.923489,267,502,379,175,1323
5HNY_5w.pdb,-394.042213,265,499,385,179,1328
5HNY_13w.pdb,-387.875414,257,501,374,189,1321
