structure,HADDOCK-score,Helix,Sheet,Turn,Coil,All
5WCB_40w.pdb,-928.25507,130,849,579,345,1903
5WCB_16w.pdb,-909.93626,128,848,583,352,1911
5WCB_30w.pdb,-907.60497,128,856,568,349,1901
5WCB_3w.pdb,-899.9265,126,836,598,348,1908
