structure,HADDOCK-score,Helix,Sheet,Turn,Coil,All
6ACG_46w.pdb,-1506.21384,986,1057,1456,838,4337
6ACG_9w.pdb,-1490.63617,1012,1061,1452,814,4339
6ACG_5w.pdb,-1471.88019,980,1063,1466,825,4334
6ACG_24w.pdb,-1466.16095,992,1071,1421,850,4334
