structure,HADDOCK-score,Helix,Sheet,unordered
6ACG_46w.pdb,-1506.21384,26.6,16.2,57.2
6ACG_9w.pdb,-1490.63617,26.6,16.8,56.7
6ACG_5w.pdb,-1471.88019,26.5,16.8,56.7
6ACG_24w.pdb,-1466.16095,26.5,16.5,57.0
