structure,HADDOCK-score,atomic-clashes
6ACG_10.pdb,-2475.3008,4
6ACG_11.pdb,-2216.4496,3
6ACG_12.pdb,-2498.30023,3
6ACG_13.pdb,-2243.2891,5
6ACG_14.pdb,-2535.01016,3
6ACG_15.pdb,-2439.2396,3
6ACG_16.pdb,-2344.63737,2
6ACG_17.pdb,-2209.7797,1
6ACG_18.pdb,-2227.3629,3
6ACG_19.pdb,-2285.3526,3
6ACG_1.pdb,-2243.5848,3
6ACG_20.pdb,-2584.014,3
6ACG_21.pdb,-2493.28133,3
6ACG_22.pdb,-2405.15888,2
6ACG_23.pdb,-2493.6165,6
6ACG_24.pdb,-2554.99259,0
6ACG_25.pdb,-2365.5747,3
6ACG_26.pdb,-2285.4304,6
6ACG_27.pdb,-2436.03397,2
6ACG_28.pdb,-2490.08552,3
6ACG_29.pdb,-2328.7276,2
6ACG_2.pdb,-2374.7083,2
6ACG_30.pdb,-2261.8474,4
6ACG_31.pdb,-2376.3804,3
6ACG_32.pdb,-2269.9188,1
6ACG_33.pdb,-2397.8341,3
6ACG_34.pdb,-2262.916,3
6ACG_35.pdb,-2248.0283,3
6ACG_36.pdb,-2263.8745,1
6ACG_37.pdb,-2294.28533,2
6ACG_38.pdb,-2252.67557,2
6ACG_39.pdb,-2517.6949,4
6ACG_3.pdb,-2245.4157,2
6ACG_40.pdb,-2453.8278,2
6ACG_41.pdb,-2356.7178,5
6ACG_42.pdb,-2475.53752,1
6ACG_43.pdb,-2371.3495,2
6ACG_44.pdb,-2261.2789,3
6ACG_45.pdb,-2320.3751,0
6ACG_46.pdb,-2707.9102,1
6ACG_47.pdb,-2520.375,4
6ACG_48.pdb,-2297.6394,2
6ACG_49.pdb,-2252.89116,2
6ACG_4.pdb,-2399.9455,3
6ACG_50.pdb,-2448.69596,2
6ACG_5.pdb,-2513.5498,1
6ACG_6.pdb,-2449.2562,4
6ACG_7.pdb,-2397.1566,2
6ACG_8.pdb,-2226.1804,4
6ACG_9.pdb,-2501.1003,4
