structure,HADDOCK-score,clashscore,ramaoutliers,rotameroutliers,molprobety-score
6C06_11w.pdb,-2366.6792604,22.13,4.86,15.05,3.46
6C06_45w.pdb,-2255.22403,22.13,4.86,16.57,3.48
6C06_2w.pdb,-2243.947269,21.88,4.98,15.69,3.46
6C06_20w.pdb,-2237.9205,23.04,4.83,15.93,3.49
