structure,HADDOCK-score,Helix,Sheet,unordered
6C06_11w.pdb,-2366.6792604,33.4,8.2,58.4
6C06_45w.pdb,-2255.22403,32.7,8.6,58.7
6C06_2w.pdb,-2243.947269,33.2,8.9,57.9
6C06_20w.pdb,-2237.9205,33.3,8.8,57.9
