structure,HADDOCK-score,Helix,Sheet,unordered
6ENY_32w.pdb,-559.54159,18.8,28.7,52.5
6ENY_12w.pdb,-559.428546,19.0,28.5,52.5
6ENY_2w.pdb,899.80661,18.8,27.9,53.3
6ENY_4w.pdb,901.69108,19.1,28.5,52.4
