structure,HADDOCK-score,Helix,Sheet,Turn,Coil,All
6IRF_21w.pdb,-1326.98324,602,1261,1044,628,3535
6IRF_7w.pdb,-1322.04014,612,1285,1031,600,3528
6IRF_16w.pdb,-1321.98307,607,1260,1070,609,3546
6IRF_36w.pdb,-1298.3677,608,1259,1045,631,3543
