structure,HADDOCK-score,Helix,Sheet,unordered
6IRF_21w.pdb,-1326.98324,36.7,12.5,50.8
6IRF_7w.pdb,-1322.04014,37.2,13.1,49.7
6IRF_16w.pdb,-1321.98307,36.8,12.7,50.5
6IRF_36w.pdb,-1298.3677,36.5,12.5,51.0
