structure,HADDOCK-score,Helix,Sheet,Turn,Coil,All
6N7G_9w.pdb,-564.92863,173,1208,763,317,2461
6N7G_42w.pdb,-558.96021,185,1210,733,327,2455
6N7G_8w.pdb,-555.78705,167,1216,740,331,2454
6N7G_35w.pdb,-554.57626,179,1219,719,340,2457
