structure,HADDOCK-score,atomic-clashes
6N7G_10.pdb,-2004.6661,3
6N7G_11.pdb,-1799.5257,1
6N7G_12.pdb,-1743.5223,0
6N7G_13.pdb,-1959.66628,2
6N7G_14.pdb,-1790.254,1
6N7G_15.pdb,-2090.32,1
6N7G_16.pdb,-1885.625,3
6N7G_17.pdb,-1974.29901,1
6N7G_18.pdb,-1937.2646,2
6N7G_19.pdb,-1844.27987,1
6N7G_1.pdb,-1983.1063,0
6N7G_20.pdb,-2012.3757,1
6N7G_21.pdb,-2012.4403,2
6N7G_22.pdb,-1835.9604,0
6N7G_23.pdb,-2113.1153,4
6N7G_24.pdb,-2166.47946,4
6N7G_25.pdb,-2089.874,1
6N7G_26.pdb,-2037.03573,1
6N7G_27.pdb,-1724.7837,0
6N7G_28.pdb,-2064.6561,3
6N7G_29.pdb,-1791.1077,0
6N7G_2.pdb,-1979.95563,1
6N7G_30.pdb,-1939.64315,2
6N7G_31.pdb,-1998.1569,2
6N7G_32.pdb,-1999.289,1
6N7G_33.pdb,-1890.7733,1
6N7G_34.pdb,-2166.7109,4
6N7G_35.pdb,-1920.4944,0
6N7G_36.pdb,-2017.5522,2
6N7G_37.pdb,-1974.834,0
6N7G_38.pdb,-1975.4615,2
6N7G_39.pdb,-1979.6073,2
6N7G_3.pdb,-2054.2703,1
6N7G_40.pdb,-1883.2842,1
6N7G_41.pdb,-2030.3331,2
6N7G_42.pdb,-1683.5357,0
6N7G_43.pdb,-2041.30934,2
6N7G_44.pdb,-1718.446,0
6N7G_45.pdb,-2078.5178,1
6N7G_46.pdb,-1893.9997,3
6N7G_47.pdb,-1988.5459,1
6N7G_48.pdb,-1838.5728,0
6N7G_49.pdb,-2286.11557,3
6N7G_4.pdb,-1949.66777,3
6N7G_50.pdb,-1975.43249,1
6N7G_5.pdb,-1942.981,1
6N7G_6.pdb,-1863.82643,1
6N7G_7.pdb,-1926.5235,0
6N7G_8.pdb,-2131.73465,3
6N7G_9.pdb,-1965.3359,1
