structure,HADDOCK-score,Helix,Sheet,unordered
6N7G_9w.pdb,-564.92863,52.5,4.3,43.2
6N7G_42w.pdb,-558.96021,52.6,4.3,43.1
6N7G_8w.pdb,-555.78705,52.1,4.1,43.8
6N7G_35w.pdb,-554.57626,52.3,4.1,43.7
