structure,HADDOCK-score,atomic-clashes
6N8T_10.pdb,-4485.54242,21
6N8T_11.pdb,-5124.8372,16
6N8T_12.pdb,-4485.54242,21
6N8T_13.pdb,-4762.2398,14
6N8T_14.pdb,-4455.0125,13
6N8T_15.pdb,-4633.0621,12
6N8T_16.pdb,-4151.9962,12
6N8T_17.pdb,-4456.1111,17
6N8T_18.pdb,-4467.3979,14
6N8T_19.pdb,-4219.6796,10
6N8T_1.pdb,-4552.4961,12
6N8T_20.pdb,-4713.6374,18
6N8T_21.pdb,-4527.392,11
6N8T_22.pdb,-4188.8645,15
6N8T_23.pdb,-4419.531,15
6N8T_24.pdb,-4528.3082,17
6N8T_25.pdb,-4425.2368,12
6N8T_26.pdb,-4727.3511,15
6N8T_27.pdb,-4399.4806,16
6N8T_28.pdb,-4493.6185,14
6N8T_29.pdb,-4897.2736,19
6N8T_2.pdb,-4485.54242,21
6N8T_30.pdb,-4827.7402,8
6N8T_31.pdb,-4485.54242,21
6N8T_32.pdb,-5044.3514,18
6N8T_33.pdb,-4567.9804,9
6N8T_34.pdb,-4807.7363,14
6N8T_35.pdb,-4913.9181,13
6N8T_36.pdb,-4249.65,10
6N8T_37.pdb,-4241.0893,16
6N8T_38.pdb,-5189.7757,14
6N8T_39.pdb,-4485.54242,21
6N8T_3.pdb,-4264.2199,12
6N8T_40.pdb,-4607.103,14
6N8T_41.pdb,-4722.5229,14
6N8T_42.pdb,-4679.623,14
6N8T_43.pdb,-4237.4038,16
6N8T_44.pdb,-4485.54242,21
6N8T_45.pdb,-4448.6517,14
6N8T_46.pdb,-4995.5734,14
6N8T_47.pdb,-4485.54242,21
6N8T_48.pdb,-4498.3614,14
6N8T_49.pdb,-4352.1654,15
6N8T_4.pdb,-4155.5705,14
6N8T_50.pdb,-4624.5672,15
6N8T_5.pdb,-4392.9614,15
6N8T_6.pdb,-4620.1388,15
6N8T_7.pdb,-4689.3264,11
6N8T_8.pdb,-4391.7112,13
6N8T_9.pdb,-4486.4135,12
