structure,HADDOCK-score,Helix,Sheet,Turn,Coil,All
6UBY_33w.pdb,-772.9277,582,1108,1006,389,3085
6UBY_1w.pdb,710.704338,569,1116,1000,400,3085
6UBY_24w.pdb,710.882857,573,1104,998,403,3078
6UBY_30w.pdb,720.270783,575,1110,988,407,3080
