structure,HADDOCK-score,Helix,Sheet,unordered
6UBY_33w.pdb,-772.9277,40.1,14.9,45.0
6UBY_1w.pdb,710.704338,41.1,15.6,43.3
6UBY_24w.pdb,710.882857,40.6,14.3,45.1
6UBY_30w.pdb,720.270783,40.9,15.6,43.5
