structure,HADDOCK-score,atomic-clashes
5GRS_1.pdb,-4104.7462,9
5GRS_10.pdb,-3917.6527,8
5GRS_11.pdb,-4361.12277,8
5GRS_12.pdb,-4176.05104,7
5GRS_13.pdb,-4153.42531,7
5GRS_14.pdb,-4205.14265,9
5GRS_15.pdb,-4314.74655,6
5GRS_16.pdb,-4017.07641,5
5GRS_17.pdb,-4238.99276,6
5GRS_18.pdb,-4022.4973,6
5GRS_19.pdb,-4281.89301,6
5GRS_2.pdb,-4060.2394,9
5GRS_20.pdb,-4038.66428,5
5GRS_21.pdb,-4329.37941,9
5GRS_22.pdb,-4349.9712,4
5GRS_23.pdb,-4222.866,6
5GRS_24.pdb,-4421.8112,4
5GRS_25.pdb,-4380.9048,10
5GRS_26.pdb,-4336.62144,6
5GRS_27.pdb,-4413.95599,7
5GRS_28.pdb,-4376.85631,7
5GRS_29.pdb,-4215.04376,7
5GRS_3.pdb,-3920.1962,6
5GRS_30.pdb,-4176.88072,7
5GRS_31.pdb,-4336.22806,5
5GRS_32.pdb,-4333.30852,9
5GRS_33.pdb,-4101.20993,6
5GRS_34.pdb,-4000.75492,5
5GRS_35.pdb,-4136.02819,7
5GRS_36.pdb,-3953.1076,6
5GRS_37.pdb,-4303.20225,8
5GRS_38.pdb,-4098.8637,6
5GRS_39.pdb,-3844.8593,10
5GRS_4.pdb,-3895.4141,9
5GRS_40.pdb,-4176.46243,6
5GRS_41.pdb,-3917.4591,5
5GRS_42.pdb,-4322.3298,8
5GRS_43.pdb,-4154.55112,7
5GRS_44.pdb,-4370.03263,9
5GRS_45.pdb,-4255.21833,4
5GRS_46.pdb,-4184.7958,6
5GRS_47.pdb,-4252.7548,7
5GRS_48.pdb,-4265.41146,7
5GRS_49.pdb,-4530.1822,8
5GRS_5.pdb,-3873.0197,6
5GRS_50.pdb,-4443.87437,11
5GRS_6.pdb,-4330.79615,7
5GRS_7.pdb,-4058.822,7
5GRS_8.pdb,-4235.08332,7
5GRS_9.pdb,-4383.26516,9
