structure,HADDOCK-score,atomic-clashes
5HNY_1.pdb,-700.0282,1
5HNY_10.pdb,-730.44511,1
5HNY_11.pdb,-796.58972,2
5HNY_12.pdb,-768.96442,0
5HNY_13.pdb,-730.75403,0
5HNY_14.pdb,-767.47907,0
5HNY_15.pdb,-656.3963,0
5HNY_16.pdb,-829.91147,1
5HNY_17.pdb,-809.4308,0
5HNY_18.pdb,-838.619387,0
5HNY_19.pdb,-779.58739,0
5HNY_2.pdb,-780.20947582,4
5HNY_20.pdb,-889.54009,1
5HNY_21.pdb,-653.99104,2
5HNY_22.pdb,-792.07041,0
5HNY_23.pdb,-731.80161,0
5HNY_24.pdb,-878.69385,0
5HNY_25.pdb,-864.888709,1
5HNY_26.pdb,-825.10202,0
5HNY_27.pdb,-728.38689,0
5HNY_28.pdb,-679.07791,0
5HNY_29.pdb,-666.8542,0
5HNY_3.pdb,-948.23833,0
5HNY_30.pdb,-734.68437,0
5HNY_31.pdb,-932.26966,2
5HNY_32.pdb,-785.47068,0
5HNY_33.pdb,-792.099278,0
5HNY_34.pdb,-752.39943,0
5HNY_35.pdb,-801.56247,1
5HNY_36.pdb,-689.3366,0
5HNY_37.pdb,-693.386289,1
5HNY_38.pdb,-742.99134,0
5HNY_39.pdb,-811.78388,1
5HNY_4.pdb,-802.370766,0
5HNY_40.pdb,-654.92015,2
5HNY_41.pdb,-856.59155,3
5HNY_42.pdb,-802.61504,0
5HNY_43.pdb,-654.59449,2
5HNY_44.pdb,-796.69436,1
5HNY_45.pdb,-706.80471,0
5HNY_46.pdb,-834.87436,3
5HNY_47.pdb,-884.65884,0
5HNY_48.pdb,-805.659619,1
5HNY_49.pdb,-653.97989,2
5HNY_5.pdb,-775.104943,0
5HNY_50.pdb,-827.44526,0
5HNY_6.pdb,-715.16389,1
5HNY_7.pdb,-786.31245,0
5HNY_8.pdb,-823.54087,1
5HNY_9.pdb,-811.72314,0
