structure,HADDOCK-score,atomic-clashes
6ENY_1.pdb,-1396.84785,3
6ENY_10.pdb,-1373.9282,4
6ENY_11.pdb,-1543.61771,4
6ENY_12.pdb,-1534.98974,2
6ENY_13.pdb,-1410.357,1
6ENY_14.pdb,-1496.30327,1
6ENY_15.pdb,-1476.72388,2
6ENY_16.pdb,-1218.6209,2
6ENY_17.pdb,-1519.50246,1
6ENY_18.pdb,-1484.64736,3
6ENY_19.pdb,-1171.1673,6
6ENY_2.pdb,-1370.7486,2
6ENY_20.pdb,-1479.0471,2
6ENY_21.pdb,-1332.42831,1
6ENY_22.pdb,-1515.35598,0
6ENY_23.pdb,-1576.3538,0
6ENY_24.pdb,-1498.5997,1
6ENY_25.pdb,-1388.16907,2
6ENY_26.pdb,-1374.06969,3
6ENY_27.pdb,-1489.66619,2
6ENY_28.pdb,-938.9122,3
6ENY_29.pdb,-1404.6397,3
6ENY_3.pdb,-1373.6492,1
6ENY_30.pdb,-1369.36501,3
6ENY_4.pdb,-1374.7818,2
6ENY_5.pdb,-1406.56355,3
6ENY_6.pdb,-1494.3159,1
6ENY_7.pdb,-1556.1401,0
6ENY_8.pdb,-1541.06039,2
6ENY_9.pdb,-1508.79963,2
