structure,HADDOCK-score,correlation,atomic-clashes
6UBY_10w.pdb,-1156.105062,0.953,0
6UBY_11w.pdb,-1164.244166,0.9529,0
6UBY_12w.pdb,-1175.913953,0.9531,0
6UBY_13w.pdb,-1164.359987,0.9534,0
6UBY_14w.pdb,-1163.0549273,0.9536,0
6UBY_15w.pdb,-1193.712121,0.9529,0
6UBY_16w.pdb,-1159.704608,0.9535,0
6UBY_17w.pdb,-1159.568871,0.9528,0
6UBY_18w.pdb,-1181.952204,0.9534,0
6UBY_19w.pdb,-1184.3203029,0.953,0
6UBY_1w.pdb,-1166.630892,0.9533,0
6UBY_20w.pdb,-1151.9739918,0.9527,0
6UBY_21w.pdb,-1162.956251,0.953,0
6UBY_22w.pdb,-1158.433551,0.9521,0
6UBY_23w.pdb,-1173.2439374,0.9535,0
6UBY_24w.pdb,-1164.1126,0.9528,0
6UBY_25w.pdb,-1169.33403,0.9534,0
6UBY_26w.pdb,-1147.719538,0.9531,0
6UBY_27w.pdb,-1152.309158,0.9531,0
6UBY_28w.pdb,-1149.726577,0.9536,0
6UBY_29w.pdb,-1185.078449,0.9531,0
6UBY_2w.pdb,-1148.8678181,0.9531,0
6UBY_30w.pdb,-1169.993383,0.9529,0
6UBY_31w.pdb,-1150.150505,0.9534,0
6UBY_32w.pdb,-1133.591754,0.9529,0
6UBY_33w.pdb,-1169.832677,0.953,0
6UBY_34w.pdb,-1149.806831,0.9531,0
6UBY_35w.pdb,-1123.393607,0.9538,0
6UBY_36w.pdb,-1174.266791,0.9524,0
6UBY_37w.pdb,-1171.953609,0.9535,0
6UBY_38w.pdb,-1130.774524,0.9524,0
6UBY_39w.pdb,-1145.99477,0.9531,0
6UBY_3w.pdb,-1151.565429,0.9526,0
6UBY_40w.pdb,-1138.612487,0.9527,0
6UBY_41w.pdb,-1169.485537,0.9537,0
6UBY_42w.pdb,-1162.651064,0.9529,0
6UBY_43w.pdb,-1134.776229,0.9532,0
6UBY_44w.pdb,-1155.091065,0.9532,0
6UBY_45w.pdb,-1148.306796,0.9532,0
6UBY_46w.pdb,-1147.877335,0.9532,0
6UBY_47w.pdb,-1156.959809,0.9535,0
6UBY_48w.pdb,-1183.386383,0.9533,0
6UBY_49w.pdb,-1164.401334,0.9532,0
6UBY_4w.pdb,-1150.955401,0.9533,0
6UBY_50w.pdb,-1164.839906,0.9533,0
6UBY_5w.pdb,-1169.144421,0.9527,0
6UBY_6w.pdb,-1175.3394829,0.9533,0
6UBY_7w.pdb,-1164.927172,0.9527,0
6UBY_8w.pdb,-1150.527506,0.9534,0
6UBY_9w.pdb,-1180.717375,0.9537,0
