structure,HADDOCK-score,correlation,atomic-clashes
5GRS_10w.pdb,-2063.579717,0.8911,0
5GRS_11w.pdb,-2144.482203,0.8928,0
5GRS_12w.pdb,-2187.727092,0.8925,0
5GRS_13w.pdb,-2142.174814,0.8928,0
5GRS_14w.pdb,-2079.976747,0.8922,0
5GRS_15w.pdb,-2268.717524,0.8904,0
5GRS_16w.pdb,-2138.172291,0.8915,2
5GRS_17w.pdb,-2123.637755,0.8927,0
5GRS_18w.pdb,-2086.283061,0.892,0
5GRS_19w.pdb,-2061.867539,0.8907,0
5GRS_1w.pdb,-2173.043905,0.8913,0
5GRS_20w.pdb,-2282.180475,0.8915,1
5GRS_21w.pdb,-2225.479494,0.8901,3
5GRS_22w.pdb,-2212.715531,0.8927,0
5GRS_23w.pdb,-2163.689501,0.8926,0
5GRS_24w.pdb,-2163.293053,0.8925,0
5GRS_25w.pdb,-2034.944745,0.8922,1
5GRS_26w.pdb,-2102.214957,0.8923,0
5GRS_27w.pdb,-1910.803914,0.8901,0
5GRS_28w.pdb,-2135.370777,0.8937,1
5GRS_29w.pdb,-2167.205281,0.8908,0
5GRS_2w.pdb,-2245.1876,0.893,0
5GRS_30w.pdb,-2136.551504,0.892,0
5GRS_31w.pdb,-2083.220174,0.8899,0
5GRS_32w.pdb,-2020.980418,0.892,1
5GRS_33w.pdb,-2213.448253,0.8911,0
5GRS_34w.pdb,-2092.024511,0.8927,1
5GRS_35w.pdb,-1985.914524,0.8912,1
5GRS_36w.pdb,-2078.069267,0.8938,0
5GRS_37w.pdb,-2080.67398,0.8917,0
5GRS_38w.pdb,-1970.599999,0.8907,1
5GRS_39w.pdb,-2127.914126,0.8933,0
5GRS_3w.pdb,-2055.482473,0.8923,0
5GRS_40w.pdb,-2171.963818,0.8933,0
5GRS_41w.pdb,-1970.614954,0.8902,2
5GRS_42w.pdb,-2185.806769,0.8914,0
5GRS_43w.pdb,-2015.353793,0.8898,1
5GRS_44w.pdb,-2188.046955,0.893,0
5GRS_45w.pdb,-2086.141423,0.8935,1
5GRS_46w.pdb,-2255.869408,0.8946,0
5GRS_47w.pdb,-2259.897887,0.8914,0
5GRS_48w.pdb,-2037.438549,0.8911,0
5GRS_49w.pdb,-2123.181525,0.8943,1
5GRS_4w.pdb,-2173.099758,0.8907,1
5GRS_50w.pdb,-2044.231391,0.8903,0
5GRS_5w.pdb,-2177.112668,0.8919,1
5GRS_6w.pdb,-2125.913162,0.8928,0
5GRS_7w.pdb,-2065.225969,0.8894,1
5GRS_8w.pdb,-2152.661356,0.8908,2
5GRS_9w.pdb,-2251.363412,0.8936,0
