structure,HADDOCK-score,correlation,atomic-clashes
6C3P_10w.pdb,-2151.1581,0.5332,0
6C3P_11w.pdb,-2201.2556,0.5373,0
6C3P_12w.pdb,-2063.8626,0.5382,0
6C3P_13w.pdb,-2177.6269,0.5371,0
6C3P_14w.pdb,-2227.431,0.5396,0
6C3P_15w.pdb,-2096.42172,0.5428,4
6C3P_16w.pdb,-2129.9866,0.5382,1
6C3P_17w.pdb,-2096.42172,0.5428,4
6C3P_18w.pdb,-2170.3784,0.536,1
6C3P_19w.pdb,-2129.9969,0.535,0
6C3P_1w.pdb,-2196.3305,0.5396,1
6C3P_20w.pdb,-2183.19309,0.5405,1
6C3P_21w.pdb,-2078.249,0.5415,0
6C3P_22w.pdb,-2236.02458,0.5373,0
6C3P_23w.pdb,-2217.5845,0.5373,0
6C3P_24w.pdb,-2220.2722,0.5295,0
6C3P_25w.pdb,-2096.42172,0.5428,4
6C3P_26w.pdb,-2209.8707,0.5392,1
6C3P_27w.pdb,-2230.9898,0.5264,1
6C3P_28w.pdb,-2315.4643,0.5353,0
6C3P_29w.pdb,-2175.3029,0.5383,1
6C3P_2w.pdb,-2163.3546,0.5373,0
6C3P_30w.pdb,-2238.2087,0.5386,0
6C3P_31w.pdb,-2242.6393,0.5361,4
6C3P_32w.pdb,-2229.001,0.5368,1
6C3P_33w.pdb,-2203.1509,0.5383,1
6C3P_34w.pdb,-2224.6885,0.5353,2
6C3P_35w.pdb,-2289.0784,0.5409,0
6C3P_36w.pdb,-2185.7679,0.5311,1
6C3P_37w.pdb,-2314.6341,0.5356,0
6C3P_38w.pdb,-2240.9581,0.535,0
6C3P_39w.pdb,-2076.128,0.5457,1
6C3P_3w.pdb,-2183.3996,0.5377,1
6C3P_40w.pdb,-2157.0849,0.5418,0
6C3P_41w.pdb,-2243.5223,0.5434,0
6C3P_42w.pdb,-2128.9254,0.5412,1
6C3P_43w.pdb,-2261.5502,0.5378,2
6C3P_44w.pdb,-2073.4596,0.5405,1
6C3P_45w.pdb,-2104.7531,0.5408,1
6C3P_46w.pdb,-624.6009,0.5327,13
6C3P_47w.pdb,-2146.08158,0.5403,1
6C3P_48w.pdb,-2082.46552,0.5415,1
6C3P_49w.pdb,-2096.42172,0.5428,4
6C3P_4w.pdb,-2198.6196,0.5359,0
6C3P_50w.pdb,-2254.6858,0.5405,1
6C3P_5w.pdb,-2160.9906,0.5421,0
6C3P_6w.pdb,-2247.3247,0.5357,0
6C3P_7w.pdb,-2105.9181,0.5403,2
6C3P_8w.pdb,-2198.9076,0.5358,1
6C3P_9w.pdb,-2077.2733,0.5352,3
