structure,HADDOCK-score,correlation,atomic-clashes
6ENY_10w.pdb,812.37571,0.8841,12
6ENY_11w.pdb,-134.2356,0.8223,0
6ENY_12w.pdb,980.18044,0.8815,12
6ENY_13w.pdb,927.40144,0.8844,12
6ENY_14w.pdb,991.50006,0.8827,12
6ENY_15w.pdb,890.15999,0.8851,12
6ENY_16w.pdb,947.0421,0.8843,12
6ENY_17w.pdb,-631.05679,0.8819,0
6ENY_18w.pdb,906.045333,0.8839,12
6ENY_19w.pdb,899.467089,0.8837,12
6ENY_1w.pdb,944.581969,0.8841,12
6ENY_20w.pdb,964.0914,0.8831,12
6ENY_21w.pdb,920.536759,0.8838,12
6ENY_22w.pdb,936.960323,0.8824,14
6ENY_23w.pdb,-639.937996,0.8842,0
6ENY_24w.pdb,899.290269,0.8836,13
6ENY_25w.pdb,914.278714,0.8847,12
6ENY_26w.pdb,887.80701,0.8829,12
6ENY_27w.pdb,898.85,0.8855,12
6ENY_28w.pdb,911.20404,0.8845,12
6ENY_29w.pdb,950.98781,0.8831,12
6ENY_2w.pdb,959.45993,0.8814,12
6ENY_30w.pdb,938.93229,0.8826,12
6ENY_31w.pdb,922.12569,0.885,12
6ENY_32w.pdb,942.25391,0.8847,12
6ENY_33w.pdb,925.99772,0.8817,12
6ENY_34w.pdb,938.12078,0.8846,13
6ENY_35w.pdb,921.58646,0.8829,12
6ENY_36w.pdb,-565.41221,0.8845,0
6ENY_37w.pdb,970.22466,0.8812,12
6ENY_38w.pdb,820.75937,0.8821,12
6ENY_39w.pdb,891.98401,0.8839,13
6ENY_3w.pdb,943.38014,0.8836,12
6ENY_40w.pdb,931.364967,0.8815,12
6ENY_41w.pdb,1977.8445,0.7764,12
6ENY_42w.pdb,980.06921,0.8836,13
6ENY_43w.pdb,933.461937,0.8848,12
6ENY_44w.pdb,947.487227,0.883,12
6ENY_45w.pdb,916.277747,0.8844,13
6ENY_46w.pdb,-655.264644,0.8821,0
6ENY_47w.pdb,954.721489,0.8821,13
6ENY_48w.pdb,901.62612,0.8846,13
6ENY_49w.pdb,934.26662,0.8836,12
6ENY_4w.pdb,928.72876,0.8832,13
6ENY_50w.pdb,940.17064,0.8837,12
6ENY_5w.pdb,926.866284,0.8832,13
6ENY_6w.pdb,870.0135,0.8832,13
6ENY_7w.pdb,1180.2869,0.8356,13
6ENY_8w.pdb,886.75568,0.8821,12
6ENY_9w.pdb,877.24396,0.8854,12
