structure,HADDOCK-score,correlation,atomic-clashes
6N1Q_10w.pdb,5757.87468,0.888,44
6N1Q_11w.pdb,5648.4634,0.8813,44
6N1Q_12w.pdb,5817.22939,0.8922,45
6N1Q_13w.pdb,5889.44977,0.8869,44
6N1Q_14w.pdb,2473.5613,0.8827,23
6N1Q_15w.pdb,5916.02483,0.896,44
6N1Q_16w.pdb,5787.09885,0.8876,44
6N1Q_17w.pdb,2408.5767,0.8855,22
6N1Q_18w.pdb,5987.77027,0.8874,44
6N1Q_19w.pdb,5780.59581,0.8929,44
6N1Q_1w.pdb,4093.2921,0.8802,33
6N1Q_20w.pdb,2457.5528,0.8873,22
6N1Q_21w.pdb,5812.3928,0.8872,43
6N1Q_22w.pdb,5928.56657,0.8943,44
6N1Q_23w.pdb,5848.0413,0.8921,44
6N1Q_24w.pdb,5792.48633,0.8892,44
6N1Q_25w.pdb,5727.3408,0.8832,43
6N1Q_26w.pdb,5858.63279,0.8902,46
6N1Q_27w.pdb,5654.93085,0.8869,43
6N1Q_28w.pdb,5765.24384,0.8908,44
6N1Q_29w.pdb,5952.5753,0.8812,44
6N1Q_2w.pdb,5702.52963,0.8869,44
6N1Q_30w.pdb,4029.32755,0.8935,34
6N1Q_31w.pdb,5776.34415,0.8869,43
6N1Q_32w.pdb,2476.4886,0.8788,22
6N1Q_33w.pdb,4013.9074,0.8882,33
6N1Q_34w.pdb,4154.20645,0.889,34
6N1Q_35w.pdb,4213.0794,0.8886,33
6N1Q_36w.pdb,5788.86868,0.8817,45
6N1Q_37w.pdb,5920.23207,0.8907,44
6N1Q_38w.pdb,5882.26552,0.8846,44
6N1Q_39w.pdb,2596.5081,0.8773,22
6N1Q_3w.pdb,5862.99608,0.8875,44
6N1Q_40w.pdb,5737.66074,0.8894,44
6N1Q_41w.pdb,5798.1531,0.8979,44
6N1Q_42w.pdb,4160.80863,0.8873,33
6N1Q_43w.pdb,5757.07365,0.9034,44
6N1Q_44w.pdb,4042.43187,0.8887,33
6N1Q_45w.pdb,4132.5981,0.8874,34
6N1Q_46w.pdb,5862.4959,0.8916,44
6N1Q_47w.pdb,4156.1145,0.8872,33
6N1Q_48w.pdb,5839.90277,0.9011,44
6N1Q_49w.pdb,5791.17547,0.8922,44
6N1Q_4w.pdb,5832.87923,0.8933,43
6N1Q_50w.pdb,5743.51903,0.9008,44
6N1Q_5w.pdb,5768.35947,0.8884,43
6N1Q_6w.pdb,666.5448,0.8799,11
6N1Q_7w.pdb,4217.1764,0.8866,34
6N1Q_8w.pdb,5684.18478,0.8875,44
6N1Q_9w.pdb,5677.00015,0.8934,44
