structure,HADDOCK-score,correlation,atomic-clashes
6N8T_10w.pdb,-2293.8506,0.8755,0
6N8T_11w.pdb,-2207.8814,0.8723,0
6N8T_12w.pdb,-2252.0474,0.8831,3
6N8T_13w.pdb,-2265.1681,0.875,1
6N8T_14w.pdb,-2334.298,0.8746,1
6N8T_15w.pdb,-2290.4816,0.8756,0
6N8T_16w.pdb,-2252.0474,0.8831,3
6N8T_17w.pdb,-2252.0474,0.8831,3
6N8T_18w.pdb,-2137.1816,0.8731,1
6N8T_19w.pdb,-2252.0474,0.8831,3
6N8T_1w.pdb,-2312.30545,0.8775,0
6N8T_20w.pdb,-2228.0105,0.8785,0
6N8T_21w.pdb,-2156.9892,0.8717,0
6N8T_22w.pdb,-2252.0474,0.8831,3
6N8T_23w.pdb,-2159.2423,0.8745,0
6N8T_24w.pdb,-2257.5191,0.875,0
6N8T_25w.pdb,-2047.5105,0.8718,1
6N8T_26w.pdb,-2252.0474,0.8831,3
6N8T_27w.pdb,-2167.3622,0.8712,0
6N8T_28w.pdb,-2234.4242,0.8737,0
6N8T_29w.pdb,-2164.0633,0.8738,0
6N8T_2w.pdb,-2224.3146,0.8734,0
6N8T_30w.pdb,-2116.6685,0.8779,0
6N8T_31w.pdb,-2360.228,0.8797,1
6N8T_32w.pdb,-2055.1724,0.871,0
6N8T_33w.pdb,-2205.3887,0.8724,0
6N8T_34w.pdb,-2170.2125,0.8739,0
6N8T_35w.pdb,-2013.9763,0.8638,0
6N8T_36w.pdb,-1948.2224,0.8731,1
6N8T_37w.pdb,-2286.8659,0.8787,0
6N8T_38w.pdb,-2338.25443,0.8746,2
6N8T_39w.pdb,-2037.5783,0.8757,2
6N8T_3w.pdb,-2203.2604,0.8783,1
6N8T_40w.pdb,-2174.5571,0.8708,1
6N8T_41w.pdb,-2220.0342,0.8752,2
6N8T_42w.pdb,-2178.8534,0.8726,1
6N8T_43w.pdb,-2227.7267,0.8751,0
6N8T_44w.pdb,-2252.0474,0.8831,3
6N8T_45w.pdb,-2276.931,0.8781,0
6N8T_46w.pdb,-2234.7895,0.8769,0
6N8T_47w.pdb,-2209.5452,0.8768,0
6N8T_48w.pdb,-2157.0998,0.8706,0
6N8T_49w.pdb,-2192.84903,0.8755,0
6N8T_4w.pdb,-2199.89353,0.8748,0
6N8T_50w.pdb,-2252.0474,0.8831,3
6N8T_5w.pdb,-2252.0474,0.8831,3
6N8T_6w.pdb,-2393.2903,0.8771,1
6N8T_7w.pdb,-2427.1765,0.8759,0
6N8T_8w.pdb,-1994.8546,0.8721,3
6N8T_9w.pdb,-2114.7768,0.8777,0
