structure,HADDOCK-score,correlation,atomic-clashes
6N8Z_10w.pdb,-2018.5542,0.9308,1
6N8Z_11w.pdb,-1952.4458,0.9289,0
6N8Z_12w.pdb,-1912.8664,0.9265,4
6N8Z_13w.pdb,-1923.7006,0.9281,1
6N8Z_14w.pdb,-1865.7184,0.9297,0
6N8Z_15w.pdb,-1994.95166,0.9277,1
6N8Z_16w.pdb,-1933.9896,0.9269,0
6N8Z_17w.pdb,-1975.8188,0.9293,1
6N8Z_18w.pdb,-1870.4554,0.9283,1
6N8Z_19w.pdb,-1992.6375,0.9278,0
6N8Z_1w.pdb,-1960.8399,0.9296,2
6N8Z_20w.pdb,-1980.6978,0.9271,2
6N8Z_21w.pdb,-2027.7849,0.9286,0
6N8Z_22w.pdb,-1979.5039,0.9302,1
6N8Z_23w.pdb,-1980.708,0.9287,1
6N8Z_24w.pdb,-1988.4526,0.9265,2
6N8Z_25w.pdb,-1894.9364,0.9268,1
6N8Z_26w.pdb,-2108.1884,0.9294,1
6N8Z_27w.pdb,-1923.5819,0.929,2
6N8Z_28w.pdb,-1986.2676,0.9285,1
6N8Z_29w.pdb,-1908.9761,0.9265,1
6N8Z_2w.pdb,-2030.2083,0.9278,3
6N8Z_30w.pdb,-1900.7622,0.9285,0
6N8Z_31w.pdb,-1715.8588,0.926,2
6N8Z_32w.pdb,-1904.22797,0.928,3
6N8Z_33w.pdb,-1976.0365,0.9265,0
6N8Z_34w.pdb,-2008.88789,0.9286,2
6N8Z_35w.pdb,-1948.1191,0.9289,1
6N8Z_36w.pdb,-1915.0452,0.9285,0
6N8Z_37w.pdb,-2002.0008,0.9265,0
6N8Z_38w.pdb,-1978.09842,0.932,6
6N8Z_39w.pdb,-1987.8242,0.9274,0
6N8Z_3w.pdb,-1800.4333,0.9267,1
6N8Z_40w.pdb,-2005.7695,0.9281,0
6N8Z_41w.pdb,-1889.7201,0.9266,2
6N8Z_42w.pdb,-1980.9158,0.9283,0
6N8Z_43w.pdb,-1851.5832,0.9271,0
6N8Z_44w.pdb,-1978.09842,0.932,6
6N8Z_45w.pdb,-1852.389,0.928,0
6N8Z_46w.pdb,-1790.6006,0.9259,1
6N8Z_47w.pdb,-1855.432,0.9275,0
6N8Z_48w.pdb,-1926.2694,0.9289,1
6N8Z_49w.pdb,-1978.09842,0.932,6
6N8Z_4w.pdb,-1954.6451,0.9276,0
6N8Z_50w.pdb,-2059.4567,0.93,2
6N8Z_5w.pdb,-2017.2958,0.928,0
6N8Z_6w.pdb,-1925.9293,0.9278,3
6N8Z_7w.pdb,-1997.0894,0.9288,0
6N8Z_8w.pdb,-2012.6531,0.9279,0
6N8Z_9w.pdb,-2055.6971,0.9271,2
