structure,HADDOCK-score,correlation,atomic-clashes
5HNY_10w.pdb,-442.786145,0.9177,0
5HNY_11w.pdb,-449.844519,0.9206,0
5HNY_12w.pdb,-491.581856,0.9202,1
5HNY_13w.pdb,-383.005756,0.9211,0
5HNY_14w.pdb,-411.33747,0.9198,0
5HNY_15w.pdb,-461.68142243,0.9209,2
5HNY_16w.pdb,-444.059815,0.92,0
5HNY_17w.pdb,-379.712708,0.9182,0
5HNY_18w.pdb,-425.37617,0.9188,0
5HNY_19w.pdb,-400.753381,0.917,0
5HNY_1w.pdb,-407.67744,0.9193,0
5HNY_20w.pdb,-422.078631,0.9195,1
5HNY_21w.pdb,-444.877131,0.9201,0
5HNY_22w.pdb,-474.769856,0.9215,0
5HNY_23w.pdb,-446.542389,0.9186,0
5HNY_24w.pdb,-392.912062,0.9163,0
5HNY_25w.pdb,-442.510895,0.9202,2
5HNY_26w.pdb,-410.794686,0.9194,0
5HNY_27w.pdb,-372.57864,0.9198,0
5HNY_28w.pdb,-449.429575,0.9197,0
5HNY_29w.pdb,-502.960951,0.9213,2
5HNY_2w.pdb,-490.053447,0.9192,0
5HNY_30w.pdb,-440.534149,0.9152,0
5HNY_31w.pdb,-454.971596,0.9223,0
5HNY_32w.pdb,-490.529838,0.9229,2
5HNY_33w.pdb,-442.316154,0.9204,0
5HNY_34w.pdb,-484.013759,0.9203,0
5HNY_35w.pdb,-403.04726,0.9182,0
5HNY_36w.pdb,-529.684007,0.9211,2
5HNY_37w.pdb,-489.524087,0.922,2
5HNY_38w.pdb,-425.535353,0.9208,0
5HNY_39w.pdb,-420.017783,0.9143,0
5HNY_3w.pdb,-440.135836,0.9197,0
5HNY_40w.pdb,-408.699746,0.9191,0
5HNY_41w.pdb,-407.55575,0.921,0
5HNY_42w.pdb,-437.464235,0.9186,0
5HNY_43w.pdb,-420.149405,0.9186,0
5HNY_44w.pdb,-471.325017,0.9198,2
5HNY_45w.pdb,-470.264152,0.9203,0
5HNY_46w.pdb,-396.367014,0.9205,0
5HNY_47w.pdb,-444.409489,0.9218,0
5HNY_48w.pdb,-430.277972,0.9194,0
5HNY_49w.pdb,-401.198814,0.9207,0
5HNY_4w.pdb,-419.755028,0.9227,0
5HNY_50w.pdb,-504.331721,0.9186,0
5HNY_5w.pdb,-420.903464,0.9196,0
5HNY_6w.pdb,-413.580826,0.9225,2
5HNY_7w.pdb,-439.450962,0.9202,0
5HNY_8w.pdb,-440.962517,0.9211,0
5HNY_9w.pdb,-487.995128,0.9205,2
