structure,HADDOCK-score,correlation,atomic-clashes
5WCB_10w.pdb,-854.25215,0.885,0
5WCB_11w.pdb,-996.87145,0.8864,0
5WCB_12w.pdb,-1044.84634,0.8839,0
5WCB_13w.pdb,-1018.64248,0.8862,0
5WCB_14w.pdb,-989.95091,0.8863,0
5WCB_15w.pdb,-1013.60545,0.8844,0
5WCB_16w.pdb,-1014.47756,0.887,0
5WCB_17w.pdb,-1103.485175,0.8897,0
5WCB_18w.pdb,-866.2335,0.8804,0
5WCB_19w.pdb,-1026.468854,0.8898,0
5WCB_1w.pdb,-1065.03303,0.8899,0
5WCB_20w.pdb,-999.16964,0.8873,0
5WCB_21w.pdb,-973.25565,0.8854,0
5WCB_22w.pdb,-1056.16358,0.8893,0
5WCB_23w.pdb,-1072.3994,0.8892,0
5WCB_24w.pdb,-976.63849,0.8858,0
5WCB_25w.pdb,-961.98793,0.8884,0
5WCB_26w.pdb,-1028.14435,0.8871,0
5WCB_27w.pdb,-1022.01872,0.8897,0
5WCB_28w.pdb,-949.12065,0.8843,0
5WCB_29w.pdb,-998.3578,0.8884,0
5WCB_2w.pdb,-975.56156,0.8844,0
5WCB_30w.pdb,-1011.352569,0.8851,0
5WCB_31w.pdb,-1051.23547,0.8902,0
5WCB_32w.pdb,-1092.94897,0.8872,0
5WCB_33w.pdb,-1028.480034,0.8858,0
5WCB_34w.pdb,-983.77962,0.8848,0
5WCB_35w.pdb,-945.76667,0.8855,0
5WCB_36w.pdb,-892.75598,0.8841,0
5WCB_37w.pdb,-916.081517,0.8861,0
5WCB_38w.pdb,-1055.20802,0.8879,0
5WCB_39w.pdb,-975.92722,0.8872,0
5WCB_3w.pdb,-1026.19781,0.8853,0
5WCB_40w.pdb,-1024.10414,0.8858,0
5WCB_41w.pdb,-981.87678,0.8865,0
5WCB_42w.pdb,-998.97997,0.8871,0
5WCB_43w.pdb,-1105.12495,0.8857,0
5WCB_44w.pdb,-1020.23607,0.8894,0
5WCB_45w.pdb,-957.65827,0.8874,0
5WCB_46w.pdb,-1067.36477,0.889,0
5WCB_47w.pdb,-1108.02647,0.8883,0
5WCB_48w.pdb,-1007.23541,0.885,0
5WCB_49w.pdb,-1034.4013,0.8872,0
5WCB_4w.pdb,-886.717035,0.8851,0
5WCB_50w.pdb,-1012.29241,0.8864,0
5WCB_5w.pdb,-993.035672,0.8873,0
5WCB_6w.pdb,-954.40064,0.8834,0
5WCB_7w.pdb,-965.09319,0.8852,0
5WCB_8w.pdb,-900.55923,0.8871,0
5WCB_9w.pdb,-1066.299881,0.8875,0
