structure,HADDOCK-score,correlation,atomic-clashes
6IRF_10w.pdb,-1318.77338,0.884,0
6IRF_11w.pdb,-1218.6736,0.8797,1
6IRF_12w.pdb,-1223.62742,0.8824,1
6IRF_13w.pdb,-1211.50947,0.8838,0
6IRF_14w.pdb,-1063.19013,0.8809,0
6IRF_15w.pdb,-1084.60421,0.8801,0
6IRF_16w.pdb,-1190.85949,0.8832,1
6IRF_17w.pdb,-1238.50718,0.8844,1
6IRF_18w.pdb,-1174.74046,0.8811,1
6IRF_19w.pdb,-1129.8061,0.8814,0
6IRF_1w.pdb,-1260.25489,0.8847,3
6IRF_20w.pdb,-1232.65318,0.8819,1
6IRF_21w.pdb,-1142.17038,0.882,1
6IRF_22w.pdb,-1202.85675,0.8813,1
6IRF_23w.pdb,-1262.86265,0.8814,2
6IRF_24w.pdb,-1228.82031,0.8824,0
6IRF_25w.pdb,-1046.4715,0.8811,1
6IRF_26w.pdb,-1132.84051,0.8836,0
6IRF_27w.pdb,-1296.16957,0.883,2
6IRF_28w.pdb,-1259.88975,0.8829,0
6IRF_29w.pdb,-1207.0044,0.8834,1
6IRF_2w.pdb,-1302.95881,0.8815,1
6IRF_30w.pdb,-1285.19824,0.8819,0
6IRF_31w.pdb,-1233.81987,0.8809,2
6IRF_32w.pdb,-1269.0342,0.8829,0
6IRF_33w.pdb,-1338.72566,0.8832,0
6IRF_34w.pdb,-1112.42889,0.88,2
6IRF_35w.pdb,-1306.884,0.88,0
6IRF_36w.pdb,-1216.0338,0.8831,0
6IRF_37w.pdb,-1189.59341,0.8818,0
6IRF_38w.pdb,-1203.07025,0.8805,1
6IRF_39w.pdb,-1308.74442,0.8825,0
6IRF_3w.pdb,-1302.78123,0.8822,1
6IRF_40w.pdb,-1261.15613,0.8821,1
6IRF_41w.pdb,-1192.59715,0.88,1
6IRF_42w.pdb,-1234.44307,0.8812,0
6IRF_43w.pdb,-1282.35042,0.8816,2
6IRF_44w.pdb,-1268.17704,0.8814,2
6IRF_45w.pdb,-1257.10293,0.8837,0
6IRF_46w.pdb,-1401.63512,0.8818,3
6IRF_47w.pdb,-1358.48853,0.8857,0
6IRF_48w.pdb,-1384.86294,0.8832,0
6IRF_49w.pdb,-1315.0964,0.8837,2
6IRF_4w.pdb,-1273.58198,0.8846,1
6IRF_50w.pdb,-1202.39309,0.8814,2
6IRF_5w.pdb,-1252.53784,0.8823,2
6IRF_6w.pdb,-1398.99507,0.883,1
6IRF_7w.pdb,-1343.88495,0.8847,0
6IRF_8w.pdb,-1197.44864,0.8814,0
6IRF_9w.pdb,-1140.65944,0.8805,2
