structure,HADDOCK-score,correlation,atomic-clashes
6IRF_10w.pdb,-1318.77338,0.884,0
6IRF_11w.pdb,-1218.6736,0.8797,1
6IRF_12w.pdb,-1223.62742,0.8824,1
6IRF_13w.pdb,-1264.80275,0.8734,0
6IRF_14w.pdb,-1122.59218,0.8701,0
6IRF_15w.pdb,-1084.60421,0.8801,0
6IRF_16w.pdb,-1190.85949,0.8832,1
6IRF_17w.pdb,-1304.16904,0.8727,0
6IRF_18w.pdb,-1174.74046,0.8811,1
6IRF_19w.pdb,-1213.93474,0.8726,0
6IRF_1w.pdb,-1293.10998,0.8716,0
6IRF_20w.pdb,-1279.19944,0.8688,0
6IRF_21w.pdb,-1142.17038,0.882,1
6IRF_22w.pdb,-1237.14699,0.8687,0
6IRF_23w.pdb,-1358.21726,0.8704,0
6IRF_24w.pdb,-1275.44919,0.8723,0
6IRF_25w.pdb,-1046.4715,0.8811,1
6IRF_26w.pdb,-1132.84051,0.8836,0
6IRF_27w.pdb,-1296.16957,0.883,2
6IRF_28w.pdb,-1259.88975,0.8829,0
6IRF_29w.pdb,-1249.24936,0.8723,0
6IRF_2w.pdb,-1302.95881,0.8815,1
6IRF_30w.pdb,-1317.71188,0.87,0
6IRF_31w.pdb,-1233.81987,0.8809,2
6IRF_32w.pdb,-1338.30003,0.8737,0
6IRF_33w.pdb,-1377.60425,0.8721,0
6IRF_34w.pdb,-1112.42889,0.88,2
6IRF_35w.pdb,-1347.63707,0.8685,0
6IRF_36w.pdb,-1216.0338,0.8831,0
6IRF_37w.pdb,-1296.38225,0.871,0
6IRF_38w.pdb,-1203.07025,0.8805,1
6IRF_39w.pdb,-1363.0472,0.8701,0
6IRF_3w.pdb,-1302.78123,0.8822,1
6IRF_40w.pdb,-1261.15613,0.8821,1
6IRF_41w.pdb,-1192.59715,0.88,1
6IRF_42w.pdb,-1234.44307,0.8812,0
6IRF_43w.pdb,-1282.35042,0.8816,2
6IRF_44w.pdb,-1313.21853,0.8716,0
6IRF_45w.pdb,-1257.10293,0.8837,0
6IRF_46w.pdb,-1409.47895,0.8706,0
6IRF_47w.pdb,-1358.48853,0.8857,0
6IRF_48w.pdb,-1414.9955,0.8713,0
6IRF_49w.pdb,-1349.36716,0.8717,0
6IRF_4w.pdb,-1273.58198,0.8846,1
6IRF_50w.pdb,-1279.85098,0.8739,0
6IRF_5w.pdb,-1252.53784,0.8823,2
6IRF_6w.pdb,-1398.99507,0.883,1
6IRF_7w.pdb,-1343.88495,0.8847,0
6IRF_8w.pdb,-1197.44864,0.8814,0
6IRF_9w.pdb,-1140.65944,0.8805,2
