structure,HADDOCK-score,Helix,Sheet,Turn,Coil,All
6AHF_6w.pdb,1042.24433,90,1698,2574,924,5286
6AHF_39w.pdb,1042.24433,90,1698,2574,924,5286
6AHF_40w.pdb,1042.24433,90,1698,2574,924,5286
6AHF_9w.pdb,1042.24433,90,1698,2574,924,5286
