structure,HADDOCK-score,Helix,Sheet,Turn,Coil,All
6UBY_3w.pdb,-1132.326095,524,710,1660,395,3289
6UBY_6w.pdb,-1132.326095,524,710,1660,395,3289
6UBY_28w.pdb,-1132.326095,524,710,1660,395,3289
6UBY_41w.pdb,-1132.326095,524,710,1660,395,3289
