structure,HADDOCK-score,correlation,atomic-clashes
5GRS_10w.pdb,-2249.703194,0.8893,1
5GRS_11w.pdb,-2273.70036,0.889,1
5GRS_12w.pdb,-2421.04765,0.8871,0
5GRS_13w.pdb,-2328.237061,0.8902,0
5GRS_14w.pdb,-2277.146061,0.8925,1
5GRS_15w.pdb,-2176.002279,0.8916,1
5GRS_16w.pdb,-2171.96442,0.8907,0
5GRS_17w.pdb,-2260.143524,0.8913,2
5GRS_18w.pdb,-2336.864224,0.8918,1
5GRS_19w.pdb,-2362.60201,0.892,0
5GRS_1w.pdb,-2191.932645,0.8897,1
5GRS_20w.pdb,-2293.874961,0.8888,0
5GRS_21w.pdb,-2260.190292,0.8898,1
5GRS_22w.pdb,-2304.10789,0.8898,1
5GRS_23w.pdb,-2312.995866,0.8883,1
5GRS_24w.pdb,-2293.8283149,0.8866,0
5GRS_25w.pdb,-2190.94793,0.8868,0
5GRS_26w.pdb,-2297.669289,0.8894,0
5GRS_27w.pdb,-2215.371446,0.8889,0
5GRS_28w.pdb,-2342.414429,0.8877,0
5GRS_29w.pdb,-2351.086965,0.8907,0
5GRS_2w.pdb,-2297.4869445,0.8918,0
5GRS_30w.pdb,-2285.855627,0.8914,0
5GRS_31w.pdb,-2268.478198,0.8931,0
5GRS_32w.pdb,-2192.841508,0.8914,0
5GRS_33w.pdb,-2357.331999,0.8897,0
5GRS_34w.pdb,-2277.568315,0.8909,0
5GRS_35w.pdb,-2230.1037,0.8898,0
5GRS_36w.pdb,-2251.22297,0.887,0
5GRS_37w.pdb,-2329.166124,0.8908,0
5GRS_38w.pdb,-2304.090854,0.8906,1
5GRS_39w.pdb,-2221.79498,0.8893,1
5GRS_3w.pdb,-2217.03875,0.886,0
5GRS_40w.pdb,-2282.900937,0.8905,0
5GRS_41w.pdb,-2281.41564,0.891,2
5GRS_42w.pdb,-2217.448882,0.8891,0
5GRS_43w.pdb,-2341.884221,0.889,0
5GRS_44w.pdb,-2355.43967,0.8903,1
5GRS_45w.pdb,-2294.835458,0.8902,0
5GRS_46w.pdb,-2230.89982,0.8898,0
5GRS_47w.pdb,-2280.57112,0.8927,0
5GRS_48w.pdb,-2172.49697,0.889,0
5GRS_49w.pdb,-2232.229783,0.8904,1
5GRS_4w.pdb,-2296.075512,0.8882,1
5GRS_50w.pdb,-2307.821929,0.8906,1
5GRS_5w.pdb,-2315.361816,0.8909,0
5GRS_6w.pdb,-2234.51547,0.8885,0
5GRS_7w.pdb,-2209.044786,0.888,1
5GRS_8w.pdb,-2260.00521,0.8902,0
5GRS_9w.pdb,-2300.355282,0.8865,0
