structure,HADDOCK-score,Helix,Sheet,Turn,Coil,All
5WCB_30w.pdb,-1186.88926,178,818,565,350,1911
5WCB_21w.pdb,-1144.8524,171,816,584,341,1912
5WCB_24w.pdb,-1139.102208,173,830,601,320,1924
5WCB_46w.pdb,-1138.29554,167,800,620,343,1930
