structure,HADDOCK-score,Helix,Sheet,Turn,Coil,All
6AHF_6w.pdb,1202.05745,96,1982,2104,921,5103
6AHF_39w.pdb,1202.05745,96,1982,2104,921,5103
6AHF_40w.pdb,1202.05745,96,1982,2104,921,5103
6AHF_9w.pdb,1202.05745,96,1982,2104,921,5103
