structure,HADDOCK-score,Helix,Sheet,Turn,Coil,All
6IRF_50w.pdb,-1466.72258,656,1277,1006,601,3540
6IRF_7w.pdb,-1458.30805,661,1265,976,634,3536
6IRF_38w.pdb,-1458.29653,659,1289,994,609,3551
6IRF_28w.pdb,-1450.83622,655,1256,988,635,3534
