structure,HADDOCK-score,Helix,Sheet,Turn,Coil,All
6N8Z_7w.pdb,-2699.772862,475,2193,1345,676,4689
6N8Z_6w.pdb,-2696.10384,501,2196,1323,685,4705
6N8Z_45w.pdb,-2688.036704,494,2222,1311,659,4686
6N8Z_25w.pdb,-2679.332405,503,2202,1304,684,4693
