structure,HADDOCK-score,Helix,Sheet,Turn,Coil,All
6UBY_15w.pdb,-1193.712121,579,1174,885,407,3045
6UBY_29w.pdb,-1185.078449,576,1134,918,425,3053
6UBY_19w.pdb,-1184.3203029,590,1147,933,390,3060
6UBY_48w.pdb,-1183.386383,576,1152,920,408,3056
