structure,HADDOCK-score,Helix,Sheet,Turn,Coil,All
3J96_32w.pdb,-3298.75399,1025,2882,1571,752,6230
3J96_13w.pdb,-3293.17209,1018,2885,1553,759,6215
3J96_37w.pdb,-3282.47588,1021,2901,1497,784,6203
3J96_41w.pdb,-3267.7975,1014,2891,1537,771,6213
