structure,HADDOCK-score,Helix,Sheet,unordered
3J96_32w.pdb,-3298.75399,49.0,14.1,36.9
3J96_13w.pdb,-3293.17209,48.8,14.0,37.2
3J96_37w.pdb,-3282.47588,49.5,14.0,36.5
3J96_41w.pdb,-3267.7975,49.1,14.1,36.8
