structure,HADDOCK-score,Helix,Sheet,Turn,Coil,All
5HNY_50w.pdb,-412.449865,258,502,384,181,1325
5HNY_44w.pdb,-409.908278,257,497,385,183,1322
5HNY_33w.pdb,-401.7752,258,491,398,183,1330
5HNY_39w.pdb,-401.651196,258,502,375,188,1323
