structure,HADDOCK-score,Helix,Sheet,unordered
5HNY_50w.pdb,-412.449865,41.0,17.2,41.8
5HNY_44w.pdb,-409.908278,39.7,17.1,43.3
5HNY_33w.pdb,-401.7752,39.9,17.5,42.6
5HNY_39w.pdb,-401.651196,40.2,17.1,42.7
