structure,HADDOCK-score,Helix,Sheet,Turn,Coil,All
5WCB_41w.pdb,-927.4833,130,858,561,347,1896
5WCB_26w.pdb,-927.19213,129,854,574,346,1903
5WCB_44w.pdb,-909.51476,129,849,581,342,1901
5WCB_30w.pdb,-905.46785,138,846,587,348,1919
