structure,HADDOCK-score,Helix,Sheet,unordered
6IRF_46w.pdb,-1334.74267,36.9,13.3,49.8
6IRF_21w.pdb,-1332.01431,36.8,12.5,50.7
6IRF_14w.pdb,-1318.441,36.6,12.5,50.9
6IRF_35w.pdb,-1310.99942,36.4,12.8,50.8
