structure,HADDOCK-score,Helix,Sheet,Turn,Coil,All
6IRF_46w.pdb,-1334.74267,612,1282,1002,626,3522
6IRF_21w.pdb,-1332.01431,609,1263,1067,598,3537
6IRF_14w.pdb,-1318.441,607,1277,1018,621,3523
6IRF_35w.pdb,-1310.99942,613,1266,1031,625,3535
