structure,HADDOCK-score,clashscore,ramaoutliers,rotameroutliers,molprobety-score
6N7G_20w.pdb,-560.60602,14.62,1.73,11.75,3.09
6N7G_18w.pdb,-546.92886,14.93,1.87,12.13,3.12
6N7G_17w.pdb,-546.51187,13.71,1.87,12.08,3.08
6N7G_15w.pdb,-545.66611,14.08,1.63,12.02,3.08
