structure,HADDOCK-score,Helix,Sheet,Turn,Coil,All
6N7G_20w.pdb,-560.60602,178,1217,737,323,2455
6N7G_18w.pdb,-546.92886,178,1214,745,322,2459
6N7G_17w.pdb,-546.51187,175,1205,758,320,2458
6N7G_15w.pdb,-545.66611,185,1218,722,331,2456
