structure,HADDOCK-score,Helix,Sheet,unordered
6N7G_20w.pdb,-560.60602,52.3,4.3,43.4
6N7G_18w.pdb,-546.92886,52.6,4.3,43.1
6N7G_17w.pdb,-546.51187,52.7,4.3,43.0
6N7G_15w.pdb,-545.66611,52.4,4.3,43.3
