structure,HADDOCK-score,correlation
6N8T_1.pdb,-4847.4404,0.8733
6N8T_10.pdb,-4438.8659,0.8722
6N8T_11.pdb,-4482.33446,0.8811
6N8T_12.pdb,-4482.33446,0.8811
6N8T_13.pdb,-4737.6885,0.8728
6N8T_14.pdb,-4909.6475,0.8737
6N8T_15.pdb,-4899.1824,0.872
6N8T_16.pdb,-4300.5877,0.8702
6N8T_17.pdb,-4590.1777,0.8731
6N8T_18.pdb,-4886.1641,0.8714
6N8T_19.pdb,-4482.33446,0.8811
6N8T_2.pdb,-5371.7961,0.8767
6N8T_20.pdb,-5072.0368,0.8739
6N8T_21.pdb,-4780.2101,0.8708
6N8T_22.pdb,-4840.6583,0.8746
6N8T_23.pdb,-4868.049,0.8743
6N8T_24.pdb,-4929.9215,0.8744
6N8T_25.pdb,-5138.1659,0.8776
6N8T_26.pdb,-4482.33446,0.8811
6N8T_27.pdb,-5119.6878,0.8697
6N8T_28.pdb,-4631.2116,0.8757
6N8T_29.pdb,-4980.4076,0.8706
6N8T_3.pdb,-4482.33446,0.8811
6N8T_30.pdb,-5370.4417,0.8752
6N8T_31.pdb,-4787.3755,0.8746
6N8T_32.pdb,-4456.1741,0.8716
6N8T_33.pdb,-4495.9791,0.872
6N8T_34.pdb,-4583.4381,0.8701
6N8T_35.pdb,-5091.0124,0.8767
6N8T_36.pdb,-4482.33446,0.8811
6N8T_37.pdb,-4482.33446,0.8811
6N8T_38.pdb,-4780.5995,0.875
6N8T_39.pdb,-4764.5185,0.875
6N8T_4.pdb,-4494.5616,0.8705
6N8T_40.pdb,-4884.8691,0.871
6N8T_41.pdb,-4523.8975,0.8703
6N8T_42.pdb,-5145.9588,0.8744
6N8T_43.pdb,-4482.33446,0.8811
6N8T_44.pdb,-4810.7629,0.8738
6N8T_45.pdb,-4812.8645,0.8729
6N8T_46.pdb,-4653.6099,0.8731
6N8T_47.pdb,-5140.2526,0.874
6N8T_48.pdb,-4980.5618,0.873
6N8T_49.pdb,-4482.33446,0.8811
6N8T_5.pdb,-5306.6299,0.8741
6N8T_50.pdb,-4734.8396,0.87
6N8T_6.pdb,-5092.614,0.8747
6N8T_7.pdb,-5003.2756,0.8787
6N8T_8.pdb,-4482.33446,0.8811
6N8T_9.pdb,-4697.1076,0.8715
