structure,HADDOCK-score,Helix,Sheet,unordered
6UBY_19w.pdb,631.609125,40.7,14.8,44.6
6UBY_25w.pdb,642.596877,40.5,15.0,44.5
6UBY_9w.pdb,646.049933,40.3,15.1,44.6
6UBY_23w.pdb,657.916142,40.5,15.2,44.3
