structure,HADDOCK-score,Helix,Sheet,Turn,Coil,All
6UBY_19w.pdb,631.609125,569,1102,1033,385,3089
6UBY_25w.pdb,642.596877,565,1096,1020,394,3075
6UBY_9w.pdb,646.049933,587,1103,1023,379,3092
6UBY_23w.pdb,657.916142,570,1110,1011,390,3081
