structure,HADDOCK-score,Helix,Sheet,Turn,Coil,All
6UC0_40w.pdb,-1191.69632343,643,1067,1266,410,3386
6UC0_14w.pdb,-1191.1062,645,1068,1251,415,3379
6UC0_10w.pdb,-1174.5350347,629,1065,1260,419,3373
6UC0_3w.pdb,-1167.1882,635,1074,1239,417,3365
