structure,HADDOCK-score,Helix,Sheet,unordered
6UC0_40w.pdb,-1191.69632343,39.7,15.3,45.0
6UC0_14w.pdb,-1191.1062,40.5,15.3,44.3
6UC0_10w.pdb,-1174.5350347,39.7,15.1,45.1
6UC0_3w.pdb,-1167.1882,39.7,15.4,44.9
