structure,HADDOCK-score,correlation,atomic-clashes
6C3P_10w.pdb,-2228.4483,0.5321,1
6C3P_11w.pdb,-2199.68704,0.5393,1
6C3P_12w.pdb,-2131.04843,0.5359,0
6C3P_13w.pdb,-2314.75464,0.5278,0
6C3P_14w.pdb,-2120.58072,0.536,0
6C3P_15w.pdb,-2300.50191,0.5396,0
6C3P_16w.pdb,-2228.46679,0.5318,1
6C3P_17w.pdb,-2128.48459,0.536,0
6C3P_18w.pdb,-2294.22849,0.5392,0
6C3P_19w.pdb,-2064.78423,0.5326,2
6C3P_1w.pdb,-2308.92975,0.5343,0
6C3P_20w.pdb,-2128.78276,0.5348,0
6C3P_21w.pdb,-2239.30759,0.5352,0
6C3P_22w.pdb,-2185.0569,0.5383,0
6C3P_23w.pdb,-2000.02569,0.5305,0
6C3P_24w.pdb,-2294.22849,0.5392,0
6C3P_25w.pdb,-2104.6205,0.5357,0
6C3P_26w.pdb,-2003.85922,0.5361,2
6C3P_27w.pdb,-2228.13326,0.5373,2
6C3P_28w.pdb,-2219.47784,0.5383,0
6C3P_29w.pdb,-2339.87364,0.5344,0
6C3P_2w.pdb,-2163.62995,0.537,1
6C3P_30w.pdb,-2294.36814,0.5301,0
6C3P_31w.pdb,-2100.66543,0.5376,1
6C3P_32w.pdb,-2208.09488,0.5242,0
6C3P_33w.pdb,-2262.57796,0.531,1
6C3P_34w.pdb,-2098.46245,0.531,0
6C3P_35w.pdb,-2318.44044,0.5341,0
6C3P_36w.pdb,-2164.00919,0.5338,0
6C3P_37w.pdb,-2181.08305,0.5339,1
6C3P_38w.pdb,-2224.44552,0.5364,0
6C3P_39w.pdb,-2210.49013,0.5315,1
6C3P_3w.pdb,-2156.44228,0.5325,0
6C3P_40w.pdb,-2190.85105,0.5286,1
6C3P_41w.pdb,-2245.66423,0.5328,0
6C3P_42w.pdb,-2115.38801,0.5352,0
6C3P_43w.pdb,-2107.82119,0.5328,0
6C3P_44w.pdb,-2215.7568,0.5298,0
6C3P_45w.pdb,-2115.10262,0.5397,1
6C3P_46w.pdb,-2218.90233,0.5339,1
6C3P_47w.pdb,-2337.6031,0.5302,1
6C3P_48w.pdb,-2222.81244,0.5293,0
6C3P_49w.pdb,-2232.28909,0.5328,0
6C3P_4w.pdb,-2075.5061,0.525,0
6C3P_50w.pdb,-2258.99347,0.5333,1
6C3P_5w.pdb,-2129.15017,0.5309,0
6C3P_6w.pdb,-2225.9195,0.5319,1
6C3P_7w.pdb,-2365.19375,0.5362,0
6C3P_8w.pdb,-2153.39781,0.5318,1
6C3P_9w.pdb,-2188.86712,0.5355,1
