structure,HADDOCK-score,atomic-clashes
3J96_1.pdb,-8332.7516,6
3J96_10.pdb,-8400.3838,8
3J96_11.pdb,-8268.5566,6
3J96_12.pdb,-7954.9931,4
3J96_13.pdb,-8199.9186,4
3J96_14.pdb,-8249.0624,10
3J96_15.pdb,-8085.7206,5
3J96_16.pdb,-8211.8941,7
3J96_17.pdb,-8061.47042,10
3J96_18.pdb,-7940.2543,7
3J96_19.pdb,-8156.2609,7
3J96_2.pdb,-7977.9379,7
3J96_20.pdb,-8286.1439,5
3J96_21.pdb,-8223.96,8
3J96_22.pdb,-8219.9136,8
3J96_23.pdb,-7968.3212,6
3J96_24.pdb,-8058.8998,3
3J96_25.pdb,-7805.6624,5
3J96_26.pdb,-8241.46872,4
3J96_27.pdb,-7817.7405,7
3J96_28.pdb,-8207.1605,7
3J96_29.pdb,-8357.8185,3
3J96_3.pdb,-8303.3069,7
3J96_30.pdb,-8486.5321,10
3J96_31.pdb,-8099.8924,7
3J96_32.pdb,-8395.6186,4
3J96_33.pdb,-8249.5141,5
3J96_34.pdb,-7989.3239,7
3J96_35.pdb,-7864.3415,10
3J96_36.pdb,-8321.4237,3
3J96_37.pdb,-7991.0209,3
3J96_38.pdb,-8136.0763,6
3J96_39.pdb,-7880.4435,4
3J96_4.pdb,-8252.2093,8
3J96_40.pdb,-8408.7746,5
3J96_41.pdb,-8455.4889,5
3J96_42.pdb,-8044.9976,8
3J96_43.pdb,-8118.2697,10
3J96_44.pdb,-7891.7947,5
3J96_45.pdb,-8246.61958,4
3J96_46.pdb,-7975.3092,9
3J96_47.pdb,-8144.9275,10
3J96_48.pdb,-8132.2807,5
3J96_49.pdb,-8027.3979,4
3J96_5.pdb,-7885.02208,5
3J96_50.pdb,-8159.915,6
3J96_6.pdb,-8235.433,7
3J96_7.pdb,-7979.6367,2
3J96_8.pdb,-7791.6552,6
3J96_9.pdb,-8078.7564,9
