structure,HADDOCK-score,correlation,atomic-clashes
3J96_10w.pdb,-3520.72742,0.9251,2
3J96_11w.pdb,-3551.2279,0.9246,3
3J96_12w.pdb,-3565.83375,0.9253,1
3J96_13w.pdb,-3542.0296,0.9251,1
3J96_14w.pdb,-3409.7227,0.924,0
3J96_15w.pdb,-3433.5749,0.9229,0
3J96_16w.pdb,-3449.42565,0.9242,0
3J96_17w.pdb,-3605.0024,0.9248,1
3J96_18w.pdb,-3524.5162,0.9249,1
3J96_19w.pdb,-3444.708,0.9238,2
3J96_1w.pdb,-3506.78806,0.9244,0
3J96_20w.pdb,-3396.7062,0.9237,3
3J96_21w.pdb,-3578.12406,0.9248,3
3J96_22w.pdb,-3546.23097,0.9258,0
3J96_23w.pdb,-3242.7587,0.9231,0
3J96_24w.pdb,-3397.4994,0.9254,3
3J96_25w.pdb,-3516.81425,0.9229,1
3J96_26w.pdb,-3421.57874,0.9234,0
3J96_27w.pdb,-3420.05714,0.925,0
3J96_28w.pdb,-3479.2568,0.9253,3
3J96_29w.pdb,-3548.2852,0.9246,1
3J96_2w.pdb,-3490.7274,0.9241,0
3J96_30w.pdb,-3556.78149,0.9244,2
3J96_31w.pdb,-3472.7424,0.9234,0
3J96_32w.pdb,-3505.13688,0.9239,0
3J96_33w.pdb,-3449.5612,0.9212,1
3J96_34w.pdb,-3495.652,0.9229,3
3J96_35w.pdb,-3566.58221,0.9243,0
3J96_36w.pdb,-3522.9789,0.9262,2
3J96_37w.pdb,-3620.9622,0.9254,2
3J96_38w.pdb,-3614.61528,0.9251,1
3J96_39w.pdb,-3541.00554,0.9252,0
3J96_3w.pdb,-3517.85509,0.9263,2
3J96_40w.pdb,-3469.41821,0.9257,1
3J96_41w.pdb,-3574.4813,0.9243,0
3J96_42w.pdb,-3583.35191,0.9245,0
3J96_43w.pdb,-3412.52445,0.925,1
3J96_44w.pdb,-3590.6118,0.9238,0
3J96_45w.pdb,-3473.7197,0.9255,0
3J96_46w.pdb,-3363.17457,0.9246,4
3J96_47w.pdb,-3578.7634,0.9252,3
3J96_48w.pdb,-3577.7046,0.9259,0
3J96_49w.pdb,-3515.04203,0.93,2
3J96_4w.pdb,-3460.10165,0.9259,0
3J96_50w.pdb,-3531.33906,0.9244,1
3J96_5w.pdb,-3428.9877,0.925,1
3J96_6w.pdb,-3477.4888,0.9217,1
3J96_7w.pdb,-3369.16439,0.925,2
3J96_8w.pdb,-3572.4434,0.9257,2
3J96_9w.pdb,-3571.52381,0.926,2
