structure,HADDOCK-score,correlation
3J96_1.pdb,-7741.8288,0.9263
3J96_10.pdb,-8052.9489,0.9256
3J96_11.pdb,-7574.5081,0.926
3J96_12.pdb,-8004.7747,0.9258
3J96_13.pdb,-7691.8828,0.927
3J96_14.pdb,-7543.7936,0.9247
3J96_15.pdb,-7873.8815,0.9272
3J96_16.pdb,-7441.5819,0.9241
3J96_17.pdb,-8165.3451,0.9248
3J96_18.pdb,-7643.1788,0.924
3J96_19.pdb,-7863.1741,0.925
3J96_2.pdb,-7774.4998,0.9248
3J96_20.pdb,-8174.6917,0.9247
3J96_21.pdb,-7855.7498,0.9259
3J96_22.pdb,-7665.6088,0.9254
3J96_23.pdb,-7867.6288,0.9266
3J96_24.pdb,-7790.4579,0.9267
3J96_25.pdb,-7570.7425,0.9214
3J96_26.pdb,-7602.1602,0.9249
3J96_27.pdb,-7688.394,0.9243
3J96_28.pdb,-7515.3843,0.9244
3J96_29.pdb,-7644.3329,0.9251
3J96_3.pdb,-7646.1306,0.926
3J96_30.pdb,-7993.6136,0.9277
3J96_31.pdb,-7703.87583,0.927
3J96_32.pdb,-7795.5248,0.9253
3J96_33.pdb,-7406.0781,0.9225
3J96_34.pdb,-7619.6151,0.9249
3J96_35.pdb,-7573.6555,0.9256
3J96_36.pdb,-7469.3032,0.9248
3J96_37.pdb,-7700.1121,0.9248
3J96_38.pdb,-8026.2695,0.9263
3J96_39.pdb,-7690.5023,0.9273
3J96_4.pdb,-8099.6508,0.9263
3J96_40.pdb,-7957.3276,0.9257
3J96_41.pdb,-7328.3415,0.9244
3J96_42.pdb,-8021.7033,0.9265
3J96_43.pdb,-7966.0153,0.9263
3J96_44.pdb,-7751.59918,0.9257
3J96_45.pdb,-7320.2215,0.9252
3J96_46.pdb,-7680.934,0.923
3J96_47.pdb,-7430.4214,0.9218
3J96_48.pdb,-7679.24583,0.9251
3J96_49.pdb,-8038.1527,0.9262
3J96_5.pdb,-7570.9079,0.9248
3J96_50.pdb,-7721.2152,0.9249
3J96_6.pdb,-7808.5135,0.9267
3J96_7.pdb,-7979.9578,0.9253
3J96_8.pdb,-7800.0798,0.9255
3J96_9.pdb,-7606.0645,0.9261
