structure,HADDOCK-score,atomic-clashes
5HNY_1.pdb,-736.66841,0
5HNY_10.pdb,-602.83281,0
5HNY_11.pdb,-698.05422,1
5HNY_12.pdb,-801.57536,1
5HNY_13.pdb,-755.72365,0
5HNY_14.pdb,-636.69652,0
5HNY_15.pdb,-582.774,0
5HNY_16.pdb,-831.37458,0
5HNY_17.pdb,-624.48717,0
5HNY_18.pdb,-703.66948,0
5HNY_19.pdb,-639.5544,1
5HNY_2.pdb,-803.32167,0
5HNY_20.pdb,-491.70998,1
5HNY_21.pdb,-778.20482,1
5HNY_22.pdb,-784.60966,2
5HNY_23.pdb,-703.87775,0
5HNY_24.pdb,-694.33187,0
5HNY_25.pdb,-680.34668357,0
5HNY_26.pdb,-703.86664,0
5HNY_27.pdb,-542.92791,0
5HNY_28.pdb,-913.622805,0
5HNY_29.pdb,-681.72015,0
5HNY_3.pdb,-491.70998,1
5HNY_30.pdb,-677.25196,0
5HNY_31.pdb,-667.34322,0
5HNY_32.pdb,-788.396075,0
5HNY_33.pdb,-656.08263,2
5HNY_34.pdb,-770.60543,1
5HNY_35.pdb,-491.70998,1
5HNY_36.pdb,-707.66203,2
5HNY_37.pdb,-625.84214,0
5HNY_38.pdb,-699.36352,1
5HNY_39.pdb,-725.06432,0
5HNY_4.pdb,-790.4942,0
5HNY_40.pdb,-637.72481,1
5HNY_41.pdb,-636.87938,0
5HNY_42.pdb,-708.953132,0
5HNY_43.pdb,-491.70998,1
5HNY_44.pdb,-722.70708,0
5HNY_45.pdb,-693.7261,0
5HNY_46.pdb,-596.51092,0
5HNY_47.pdb,-615.40708,0
5HNY_48.pdb,-731.15761,2
5HNY_49.pdb,-692.72408,0
5HNY_5.pdb,-721.35803,0
5HNY_50.pdb,-660.55368,0
5HNY_6.pdb,-631.494296,1
5HNY_7.pdb,-522.268,0
5HNY_8.pdb,-704.24009,0
5HNY_9.pdb,-775.186816,0
