structure,HADDOCK-score,atomic-clashes
6N7G_1.pdb,-2263.0863,2
6N7G_10.pdb,-2066.95054,0
6N7G_11.pdb,-2485.753,4
6N7G_12.pdb,-2516.92244,0
6N7G_13.pdb,-2471.88557,2
6N7G_14.pdb,-2256.7006,3
6N7G_15.pdb,-2385.13503,1
6N7G_16.pdb,-2345.8039,3
6N7G_17.pdb,-2377.674,1
6N7G_18.pdb,-2673.17822,3
6N7G_19.pdb,-2332.0053,1
6N7G_2.pdb,-2541.1372,2
6N7G_20.pdb,-2398.6234,2
6N7G_21.pdb,-2431.1215,2
6N7G_22.pdb,-2288.1578,2
6N7G_23.pdb,-2529.6739,2
6N7G_24.pdb,-2232.3578,0
6N7G_25.pdb,-2406.854,2
6N7G_26.pdb,-2473.7388,3
6N7G_27.pdb,-2207.4396,2
6N7G_28.pdb,-2265.9505,1
6N7G_29.pdb,-2233.0448,2
6N7G_3.pdb,-2347.48225,3
6N7G_30.pdb,-2356.85561,3
6N7G_31.pdb,-2303.28598,2
6N7G_32.pdb,-2469.75014,2
6N7G_33.pdb,-2411.1144,2
6N7G_34.pdb,-2451.4358,6
6N7G_35.pdb,-2323.7173,0
6N7G_36.pdb,-2659.7405,5
6N7G_37.pdb,-2634.3632,4
6N7G_38.pdb,-2433.1957,1
6N7G_39.pdb,-2515.96378,3
6N7G_4.pdb,-2397.17477,2
6N7G_40.pdb,-2331.4843,3
6N7G_41.pdb,-2423.64941,2
6N7G_42.pdb,-2471.39128,3
6N7G_43.pdb,-2184.0335,2
6N7G_44.pdb,-2445.1903,3
6N7G_45.pdb,-2435.5739,4
6N7G_46.pdb,-2362.852,2
6N7G_47.pdb,-2234.5574,1
6N7G_48.pdb,-2540.38477,1
6N7G_49.pdb,-2470.947,2
6N7G_5.pdb,-2503.27272,3
6N7G_50.pdb,-2438.3458,1
6N7G_6.pdb,-2416.75791,2
6N7G_7.pdb,-2355.45,3
6N7G_8.pdb,-2323.5168,2
6N7G_9.pdb,-2386.14658,1
