structure,HADDOCK-score,correlation
6N7G_1.pdb,-2263.0863,0.9172
6N7G_10.pdb,-2066.95054,0.9176
6N7G_11.pdb,-2485.753,0.9164
6N7G_12.pdb,-2516.92244,0.9167
6N7G_13.pdb,-2471.88557,0.9167
6N7G_14.pdb,-2256.7006,0.9163
6N7G_15.pdb,-2385.13503,0.9177
6N7G_16.pdb,-2345.8039,0.9161
6N7G_17.pdb,-2377.674,0.9152
6N7G_18.pdb,-2673.17822,0.9171
6N7G_19.pdb,-2332.0053,0.9166
6N7G_2.pdb,-2541.1372,0.9151
6N7G_20.pdb,-2398.6234,0.9166
6N7G_21.pdb,-2431.1215,0.9174
6N7G_22.pdb,-2288.1578,0.9176
6N7G_23.pdb,-2529.6739,0.9186
6N7G_24.pdb,-2232.3578,0.9169
6N7G_25.pdb,-2406.854,0.9158
6N7G_26.pdb,-2473.7388,0.9171
6N7G_27.pdb,-2207.4396,0.9153
6N7G_28.pdb,-2265.9505,0.9148
6N7G_29.pdb,-2233.0448,0.915
6N7G_3.pdb,-2347.48225,0.9162
6N7G_30.pdb,-2356.85561,0.9159
6N7G_31.pdb,-2303.28598,0.9163
6N7G_32.pdb,-2469.75014,0.9172
6N7G_33.pdb,-2411.1144,0.9161
6N7G_34.pdb,-2451.4358,0.9173
6N7G_35.pdb,-2323.7173,0.9172
6N7G_36.pdb,-2659.7405,0.9158
6N7G_37.pdb,-2634.3632,0.9165
6N7G_38.pdb,-2433.1957,0.9178
6N7G_39.pdb,-2515.96378,0.916
6N7G_4.pdb,-2397.17477,0.9162
6N7G_40.pdb,-2331.4843,0.9149
6N7G_41.pdb,-2423.64941,0.916
6N7G_42.pdb,-2471.39128,0.9162
6N7G_43.pdb,-2184.0335,0.9135
6N7G_44.pdb,-2445.1903,0.9172
6N7G_45.pdb,-2435.5739,0.9157
6N7G_46.pdb,-2362.852,0.9148
6N7G_47.pdb,-2234.5574,0.9175
6N7G_48.pdb,-2540.38477,0.9172
6N7G_49.pdb,-2470.947,0.9157
6N7G_5.pdb,-2503.27272,0.9172
6N7G_50.pdb,-2438.3458,0.9156
6N7G_6.pdb,-2416.75791,0.917
6N7G_7.pdb,-2355.45,0.9171
6N7G_8.pdb,-2323.5168,0.9142
6N7G_9.pdb,-2386.14658,0.9172
