structure,HADDOCK-score,atomic-clashes
6N8T_1.pdb,-5450.5018,13
6N8T_10.pdb,-5632.6874,12
6N8T_11.pdb,-5272.711,17
6N8T_12.pdb,-5157.39465,26
6N8T_13.pdb,-5406.5445,13
6N8T_14.pdb,-5603.3998,15
6N8T_15.pdb,-5672.0887,12
6N8T_16.pdb,-5157.39465,26
6N8T_17.pdb,-5157.39465,26
6N8T_18.pdb,-5323.9707,12
6N8T_19.pdb,-5157.39465,26
6N8T_2.pdb,-5300.0768,13
6N8T_20.pdb,-5447.5682,12
6N8T_21.pdb,-5233.1773,14
6N8T_22.pdb,-5157.39465,26
6N8T_23.pdb,-5237.8824,18
6N8T_24.pdb,-5154.8075,21
6N8T_25.pdb,-4780.9239,11
6N8T_26.pdb,-5157.39465,26
6N8T_27.pdb,-5094.5872,11
6N8T_28.pdb,-5067.9219,11
6N8T_29.pdb,-5197.0852,12
6N8T_3.pdb,-5183.4114,14
6N8T_30.pdb,-4904.0087,12
6N8T_31.pdb,-5548.5502,13
6N8T_32.pdb,-4996.7529,17
6N8T_33.pdb,-5002.7115,12
6N8T_34.pdb,-5304.8848,12
6N8T_35.pdb,-4740.6235,11
6N8T_36.pdb,-4430.0559,6
6N8T_37.pdb,-5483.1174,19
6N8T_38.pdb,-5611.867,18
6N8T_39.pdb,-4895.4283,15
6N8T_4.pdb,-5079.6353,15
6N8T_40.pdb,-5061.0079,16
6N8T_41.pdb,-5150.027,13
6N8T_42.pdb,-5079.3559,16
6N8T_43.pdb,-5336.9123,13
6N8T_44.pdb,-5157.39465,26
6N8T_45.pdb,-5584.0553,20
6N8T_46.pdb,-5500.204,14
6N8T_47.pdb,-5098.8687,12
6N8T_48.pdb,-5157.392,16
6N8T_49.pdb,-5414.8724,9
6N8T_5.pdb,-5157.39465,26
6N8T_50.pdb,-5157.39465,26
6N8T_6.pdb,-5871.2817,15
6N8T_7.pdb,-5868.9032,12
6N8T_8.pdb,-4846.6507,12
6N8T_9.pdb,-5052.4907,11
