structure,HADDOCK-score,correlation
6N8Z_1.pdb,-4950.044,0.9297
6N8Z_10.pdb,-5227.3326,0.931
6N8Z_11.pdb,-5122.2649,0.929
6N8Z_12.pdb,-4726.6886,0.9268
6N8Z_13.pdb,-4981.688,0.9282
6N8Z_14.pdb,-4721.6388,0.9297
6N8Z_15.pdb,-5155.1637,0.928
6N8Z_16.pdb,-4831.9463,0.9269
6N8Z_17.pdb,-5087.3015,0.9295
6N8Z_18.pdb,-4869.0982,0.9286
6N8Z_19.pdb,-5148.2969,0.9278
6N8Z_2.pdb,-5289.8583,0.9277
6N8Z_20.pdb,-4981.7629,0.9273
6N8Z_21.pdb,-5169.9033,0.9287
6N8Z_22.pdb,-5164.492,0.9305
6N8Z_23.pdb,-5113.1243,0.9289
6N8Z_24.pdb,-5018.5665,0.9268
6N8Z_25.pdb,-4582.3913,0.9268
6N8Z_26.pdb,-5205.1262,0.9295
6N8Z_27.pdb,-4967.7887,0.929
6N8Z_28.pdb,-5190.3136,0.9288
6N8Z_29.pdb,-5033.0882,0.9267
6N8Z_3.pdb,-4620.1546,0.9266
6N8Z_30.pdb,-4739.522,0.9285
6N8Z_31.pdb,-4312.1844,0.9262
6N8Z_32.pdb,-5022.7474,0.9279
6N8Z_33.pdb,-5028.1428,0.9265
6N8Z_34.pdb,-5368.4898,0.9287
6N8Z_35.pdb,-5119.3953,0.9291
6N8Z_36.pdb,-4595.5167,0.9285
6N8Z_37.pdb,-5270.8838,0.9268
6N8Z_38.pdb,-4480.78329,0.9322
6N8Z_39.pdb,-5155.1279,0.9275
6N8Z_4.pdb,-5028.3397,0.928
6N8Z_40.pdb,-5051.1734,0.9282
6N8Z_41.pdb,-4733.0597,0.9267
6N8Z_42.pdb,-5245.8265,0.9285
6N8Z_43.pdb,-4874.3608,0.9273
6N8Z_44.pdb,-4480.78329,0.9322
6N8Z_45.pdb,-4860.1976,0.9278
6N8Z_46.pdb,-4618.7686,0.9259
6N8Z_47.pdb,-4845.667,0.9276
6N8Z_48.pdb,-4965.0492,0.9291
6N8Z_49.pdb,-4480.78329,0.9322
6N8Z_5.pdb,-5187.998,0.9282
6N8Z_50.pdb,-5100.9121,0.9299
6N8Z_6.pdb,-5157.2425,0.9278
6N8Z_7.pdb,-5158.2976,0.929
6N8Z_8.pdb,-5306.08,0.9281
6N8Z_9.pdb,-5263.8098,0.927
