structure,HADDOCK-score,correlation,atomic-clashes
5WCB_10w.pdb,-797.02204,0.8951,2
5WCB_11w.pdb,-940.70375,0.8991,0
5WCB_12w.pdb,-963.10329,0.8965,1
5WCB_13w.pdb,-949.39292,0.8963,0
5WCB_14w.pdb,-894.68053,0.8975,0
5WCB_15w.pdb,-893.52853,0.8975,0
5WCB_16w.pdb,-927.118,0.8991,0
5WCB_17w.pdb,-1053.0583,0.9002,0
5WCB_18w.pdb,-821.1562,0.8922,1
5WCB_19w.pdb,-985.67162,0.8999,0
5WCB_1w.pdb,-994.0756,0.9008,0
5WCB_20w.pdb,-967.74766,0.8994,0
5WCB_21w.pdb,-915.9329,0.8982,0
5WCB_22w.pdb,-1035.71833,0.9019,0
5WCB_23w.pdb,-979.34105,0.9,0
5WCB_24w.pdb,-909.33237,0.8978,0
5WCB_25w.pdb,-903.71684,0.9011,0
5WCB_26w.pdb,-924.73843,0.8989,0
5WCB_27w.pdb,-972.58864,0.9007,0
5WCB_28w.pdb,-861.2821,0.8972,0
5WCB_29w.pdb,-932.4452,0.8989,0
5WCB_2w.pdb,-910.77,0.8976,0
5WCB_30w.pdb,-967.82405,0.8969,0
5WCB_31w.pdb,-995.22751,0.9004,0
5WCB_32w.pdb,-1044.5326,0.8996,0
5WCB_33w.pdb,-985.00416,0.8965,0
5WCB_34w.pdb,-958.21008,0.899,0
5WCB_35w.pdb,-875.24206,0.8968,0
5WCB_36w.pdb,-809.44259,0.8973,0
5WCB_37w.pdb,-859.1247,0.8984,0
5WCB_38w.pdb,-940.74469,0.8997,1
5WCB_39w.pdb,-929.35842,0.8998,0
5WCB_3w.pdb,-985.7923,0.8976,0
5WCB_40w.pdb,-913.7571,0.8974,0
5WCB_41w.pdb,-917.34785,0.898,0
5WCB_42w.pdb,-902.2978,0.9,0
5WCB_43w.pdb,-967.1981,0.8973,0
5WCB_44w.pdb,-971.40855,0.9007,0
5WCB_45w.pdb,-908.8799,0.8979,0
5WCB_46w.pdb,-990.59315,0.9012,0
5WCB_47w.pdb,-990.24314,0.9005,0
5WCB_48w.pdb,-929.1108,0.8961,0
5WCB_49w.pdb,-957.27444,0.9002,0
5WCB_4w.pdb,-875.54431,0.899,0
5WCB_50w.pdb,-936.0664,0.9001,0
5WCB_5w.pdb,-932.98854,0.8989,1
5WCB_6w.pdb,-882.6726,0.8946,0
5WCB_7w.pdb,-852.41551,0.8954,1
5WCB_8w.pdb,-821.55926,0.8986,0
5WCB_9w.pdb,-934.69584,0.8986,0
