structure,HADDOCK-score,correlation,atomic-clashes
6AHF_10w.pdb,-1161.8201,0.8645,0
6AHF_11w.pdb,-995.9996,0.8638,0
6AHF_12w.pdb,-1082.2032,0.8736,2
6AHF_13w.pdb,-1060.9049,0.8764,0
6AHF_14w.pdb,-1147.83622,0.8714,0
6AHF_15w.pdb,-956.84778,0.8946,2
6AHF_16w.pdb,-1122.6441,0.8645,0
6AHF_17w.pdb,-1169.92467,0.88,0
6AHF_18w.pdb,-1033.4224,0.8743,0
6AHF_19w.pdb,-1072.95247,0.8764,0
6AHF_1w.pdb,-956.84778,0.8946,2
6AHF_20w.pdb,-1042.0212,0.8805,0
6AHF_21w.pdb,-1053.83149,0.8696,0
6AHF_22w.pdb,-1159.7055,0.8705,1
6AHF_23w.pdb,-1007.5637,0.8671,0
6AHF_24w.pdb,-1154.3726,0.8595,0
6AHF_25w.pdb,-1099.9262,0.8664,0
6AHF_26w.pdb,-1019.8596,0.8711,0
6AHF_27w.pdb,-1135.5528,0.876,1
6AHF_28w.pdb,-1144.8507,0.8681,0
6AHF_29w.pdb,-951.2997,0.856,0
6AHF_2w.pdb,-1183.84001,0.8727,2
6AHF_30w.pdb,-1070.7871,0.8774,0
6AHF_31w.pdb,-1134.9388,0.8699,0
6AHF_32w.pdb,-956.84778,0.8946,2
6AHF_33w.pdb,-1149.0392,0.8729,0
6AHF_34w.pdb,-1251.3988,0.8641,0
6AHF_35w.pdb,-942.78612,0.8648,0
6AHF_36w.pdb,-1127.5464,0.8754,0
6AHF_37w.pdb,-1168.51068,0.8723,0
6AHF_38w.pdb,-1078.8524,0.8755,0
6AHF_39w.pdb,-1097.877,0.8786,0
6AHF_3w.pdb,-1094.6871,0.8709,1
6AHF_40w.pdb,-1071.47795,0.8704,0
6AHF_41w.pdb,-1092.05635,0.8675,0
6AHF_42w.pdb,-1086.8001,0.8764,0
6AHF_43w.pdb,-1093.8472,0.8785,0
6AHF_44w.pdb,-1126.9913,0.8735,0
6AHF_45w.pdb,-1041.7779,0.8657,0
6AHF_46w.pdb,-1058.561,0.8712,0
6AHF_47w.pdb,-1153.4866,0.8725,0
6AHF_48w.pdb,-956.84778,0.8946,2
6AHF_49w.pdb,-1179.1787,0.8711,0
6AHF_4w.pdb,-1070.3195,0.8565,0
6AHF_50w.pdb,-1093.9697,0.8771,0
6AHF_5w.pdb,-984.4594,0.8691,0
6AHF_6w.pdb,-999.8742,0.8695,0
6AHF_7w.pdb,-1020.52092,0.8705,2
6AHF_8w.pdb,-699.115,0.8583,1
6AHF_9w.pdb,-956.84778,0.8946,2
