structure,HADDOCK-score,correlation,atomic-clashes
6N8Z_10w.pdb,-1997.963,0.9267,0
6N8Z_11w.pdb,-2196.1876,0.9306,2
6N8Z_12w.pdb,-2169.5763,0.9295,1
6N8Z_13w.pdb,-2202.5273,0.9288,2
6N8Z_14w.pdb,-1943.8388,0.9279,1
6N8Z_15w.pdb,-2207.14897,0.9314,0
6N8Z_16w.pdb,-2107.73745,0.9274,1
6N8Z_17w.pdb,-1945.3402,0.9293,0
6N8Z_18w.pdb,-1997.02671,0.9287,0
6N8Z_19w.pdb,-2119.10938,0.9292,0
6N8Z_1w.pdb,-2028.5276,0.9276,0
6N8Z_20w.pdb,-1963.8331,0.9282,0
6N8Z_21w.pdb,-1871.2559,0.9268,1
6N8Z_22w.pdb,-2021.9968,0.9283,1
6N8Z_23w.pdb,-2038.6821,0.9292,0
6N8Z_24w.pdb,-1950.0567,0.9279,3
6N8Z_25w.pdb,-1822.4316,0.928,1
6N8Z_26w.pdb,-2013.0461,0.9295,0
6N8Z_27w.pdb,-2097.60124,0.9325,6
6N8Z_28w.pdb,-2162.5789,0.9287,2
6N8Z_29w.pdb,-2301.94206,0.9312,0
6N8Z_2w.pdb,-2133.8701,0.9288,0
6N8Z_30w.pdb,-2016.7922,0.929,1
6N8Z_31w.pdb,-1895.6738,0.9267,0
6N8Z_32w.pdb,-2018.445,0.928,0
6N8Z_33w.pdb,-2158.2755,0.9275,0
6N8Z_34w.pdb,-2083.3294,0.9299,0
6N8Z_35w.pdb,-2035.3317,0.9297,1
6N8Z_36w.pdb,-1959.7482,0.9301,2
6N8Z_37w.pdb,-1829.5858,0.9237,1
6N8Z_38w.pdb,-2115.55781,0.9283,2
6N8Z_39w.pdb,-1972.02832,0.9282,1
6N8Z_3w.pdb,-2116.5148,0.9291,0
6N8Z_40w.pdb,-2087.03576,0.9293,1
6N8Z_41w.pdb,-1978.9728,0.929,0
6N8Z_42w.pdb,-2065.34749,0.9279,1
6N8Z_43w.pdb,-2046.0696,0.9298,2
6N8Z_44w.pdb,-2092.8985,0.9299,0
6N8Z_45w.pdb,-2078.0027,0.9289,0
6N8Z_46w.pdb,-2051.6946,0.9289,1
6N8Z_47w.pdb,-2011.8758,0.9284,0
6N8Z_48w.pdb,-2187.7848,0.9292,0
6N8Z_49w.pdb,-2003.1584,0.9304,1
6N8Z_4w.pdb,-2153.5377,0.9286,0
6N8Z_50w.pdb,-2021.7974,0.9298,0
6N8Z_5w.pdb,-2084.4952,0.9295,0
6N8Z_6w.pdb,-1972.4497,0.9301,2
6N8Z_7w.pdb,-2136.2459,0.9293,0
6N8Z_8w.pdb,-1950.7657,0.9297,1
6N8Z_9w.pdb,-1733.9476,0.9261,3
