structure,HADDOCK-score,correlation,atomic-clashes
6UBY_10w.pdb,-995.52564,0.9452,0
6UBY_11w.pdb,-1007.878646,0.9523,0
6UBY_12w.pdb,-1139.856321,0.9503,0
6UBY_13w.pdb,-1140.07709,0.9494,0
6UBY_14w.pdb,-1064.855013,0.9523,0
6UBY_15w.pdb,-1014.860658,0.9547,0
6UBY_16w.pdb,-1074.685718,0.9479,0
6UBY_17w.pdb,-1069.095632,0.9543,1
6UBY_18w.pdb,-1122.647496,0.9537,0
6UBY_19w.pdb,-971.389809,0.9546,0
6UBY_1w.pdb,-1184.182359,0.9488,0
6UBY_20w.pdb,-1139.0012907,0.9493,0
6UBY_21w.pdb,-1030.274142,0.952,0
6UBY_22w.pdb,-1094.049211,0.948,0
6UBY_23w.pdb,-1179.339167,0.9506,0
6UBY_24w.pdb,-1170.363377,0.9497,0
6UBY_25w.pdb,-1058.135073,0.9532,3
6UBY_26w.pdb,-995.066907,0.9541,0
6UBY_27w.pdb,-1018.515875,0.9554,0
6UBY_28w.pdb,-1013.831536,0.9469,1
6UBY_29w.pdb,-1081.773005,0.949,0
6UBY_2w.pdb,-1051.843143,0.9492,0
6UBY_30w.pdb,-1175.920168,0.9514,0
6UBY_31w.pdb,-1164.933786,0.9491,0
6UBY_32w.pdb,-1107.655371,0.9494,0
6UBY_33w.pdb,-1070.855559,0.9533,0
6UBY_34w.pdb,-1119.334207,0.9509,0
6UBY_35w.pdb,-1102.021269,0.9492,0
6UBY_36w.pdb,-1176.51315,0.9479,0
6UBY_37w.pdb,-1098.549819,0.9495,0
6UBY_38w.pdb,-1047.795279,0.9524,0
6UBY_39w.pdb,-996.692858,0.952,0
6UBY_3w.pdb,-1058.448516,0.9487,0
6UBY_40w.pdb,-1092.310959,0.9474,0
6UBY_41w.pdb,-1000.138139,0.9506,0
6UBY_42w.pdb,-1084.154478,0.9551,0
6UBY_43w.pdb,-1106.094316,0.9495,0
6UBY_44w.pdb,-990.856989,0.9469,0
6UBY_45w.pdb,-1051.895267,0.9497,0
6UBY_46w.pdb,-1187.609342,0.9496,0
6UBY_47w.pdb,-1034.327917,0.9492,0
6UBY_48w.pdb,-1140.192249,0.9501,0
6UBY_49w.pdb,-1115.355902,0.9487,0
6UBY_4w.pdb,-1034.781737,0.9482,0
6UBY_50w.pdb,-1189.50294,0.9497,0
6UBY_5w.pdb,-1080.746297,0.9485,0
6UBY_6w.pdb,-1116.059472,0.9473,0
6UBY_7w.pdb,-1022.2725077,0.9468,0
6UBY_8w.pdb,-1073.803792,0.9544,0
6UBY_9w.pdb,-1098.725517,0.9484,0
