structure,HADDOCK-score,correlation,atomic-clashes
6UBY_10w.pdb,-954.184526,0.9509,0
6UBY_11w.pdb,-1007.82558,0.9524,0
6UBY_12w.pdb,-1047.212515,0.9547,0
6UBY_13w.pdb,-1041.011987,0.9536,1
6UBY_14w.pdb,-1066.490439,0.9523,0
6UBY_15w.pdb,-1015.360005,0.9548,0
6UBY_16w.pdb,-991.299634,0.9527,0
6UBY_17w.pdb,-1068.901898,0.9543,1
6UBY_18w.pdb,-1127.443962,0.9537,0
6UBY_19w.pdb,-971.675792,0.9546,0
6UBY_1w.pdb,-1111.312743,0.953,0
6UBY_20w.pdb,-1073.916994,0.9545,1
6UBY_21w.pdb,-1031.12038,0.952,0
6UBY_22w.pdb,-1031.250712,0.9536,1
6UBY_23w.pdb,-1151.215166,0.955,0
6UBY_24w.pdb,-1117.212044,0.9546,0
6UBY_25w.pdb,-1057.179777,0.9532,2
6UBY_26w.pdb,-995.239585,0.9541,0
6UBY_27w.pdb,-1018.929308,0.9554,0
6UBY_28w.pdb,-1015.580404,0.9468,1
6UBY_29w.pdb,-997.917491,0.9539,0
6UBY_2w.pdb,-1005.65934,0.9541,0
6UBY_30w.pdb,-1143.233738,0.9559,0
6UBY_31w.pdb,-1119.670184,0.9534,0
6UBY_32w.pdb,-1044.75683,0.954,0
6UBY_33w.pdb,-1071.110371,0.9533,0
6UBY_34w.pdb,-1094.844115,0.9551,0
6UBY_35w.pdb,-1071.733504,0.9537,0
6UBY_36w.pdb,-1137.947926,0.9524,0
6UBY_37w.pdb,-1044.241717,0.9539,0
6UBY_38w.pdb,-1042.501906,0.9524,0
6UBY_39w.pdb,-996.980111,0.952,0
6UBY_3w.pdb,-1024.532917,0.954,0
6UBY_40w.pdb,-1070.067474,0.9523,0
6UBY_41w.pdb,-1000.21074,0.9507,0
6UBY_42w.pdb,-1084.209958,0.9551,0
6UBY_43w.pdb,-1068.097335,0.9536,0
6UBY_44w.pdb,-931.059297,0.9511,0
6UBY_45w.pdb,-979.560559,0.9532,1
6UBY_46w.pdb,-1108.648502,0.9542,0
6UBY_47w.pdb,-1009.077766,0.9524,0
6UBY_48w.pdb,-1112.945536,0.9546,0
6UBY_49w.pdb,-1015.458166,0.9535,0
6UBY_4w.pdb,-973.564079,0.9528,0
6UBY_50w.pdb,-1105.471074,0.9536,0
6UBY_5w.pdb,-969.894298,0.9524,0
6UBY_6w.pdb,-1058.109061,0.9515,0
6UBY_7w.pdb,-989.48588,0.9524,0
6UBY_8w.pdb,-1073.386211,0.9544,0
6UBY_9w.pdb,-1044.692816,0.9525,0
