structure,HADDOCK-score,correlation,atomic-clashes
6UC0_10w.pdb,-1274.8126,0.9305,0
6UC0_11w.pdb,-1260.2673,0.9252,0
6UC0_12w.pdb,-1247.396,0.934,0
6UC0_13w.pdb,-1368.59552825,0.9271,0
6UC0_14w.pdb,-1344.8157,0.9256,0
6UC0_15w.pdb,-1282.18715745,0.923,0
6UC0_16w.pdb,-1243.84175342,0.9294,0
6UC0_17w.pdb,-1364.7808,0.927,0
6UC0_18w.pdb,-1271.7277,0.9308,0
6UC0_19w.pdb,-1232.4539645,0.9271,0
6UC0_1w.pdb,-1184.6352,0.9308,1
6UC0_20w.pdb,-1343.8648,0.9228,0
6UC0_21w.pdb,-1409.5935,0.9297,0
6UC0_22w.pdb,-1292.629,0.931,0
6UC0_23w.pdb,-1367.1013,0.931,0
6UC0_24w.pdb,-1221.2093858,0.9298,1
6UC0_25w.pdb,-1333.45299668,0.9247,0
6UC0_26w.pdb,-1193.8439639,0.9318,0
6UC0_27w.pdb,-1315.95650248,0.9261,0
6UC0_28w.pdb,-1315.4746657,0.9249,0
6UC0_29w.pdb,-1363.3908,0.9267,0
6UC0_2w.pdb,-1346.0223543,0.9281,0
6UC0_30w.pdb,-1254.04237483,0.931,0
6UC0_31w.pdb,-1261.4641615,0.9272,0
6UC0_32w.pdb,-1117.5940018,0.9291,0
6UC0_33w.pdb,-1271.46098818,0.9261,0
6UC0_34w.pdb,-1135.9417437,0.9287,0
6UC0_35w.pdb,-1194.3555,0.9311,0
6UC0_36w.pdb,-1298.7661,0.9333,0
6UC0_37w.pdb,-1369.121,0.9254,0
6UC0_38w.pdb,-1280.1184089,0.9257,0
6UC0_39w.pdb,-1238.2731,0.933,1
6UC0_3w.pdb,-1349.08414894,0.9235,0
6UC0_40w.pdb,-1390.2342,0.9284,0
6UC0_41w.pdb,-1272.5058568,0.9324,0
6UC0_42w.pdb,-1225.4934,0.9287,0
6UC0_43w.pdb,-1344.9482515,0.9306,0
6UC0_44w.pdb,-1282.2521,0.9303,0
6UC0_45w.pdb,-1194.6168963,0.9199,0
6UC0_46w.pdb,-1305.5969,0.932,0
6UC0_47w.pdb,-1264.3774532,0.9252,0
6UC0_48w.pdb,-1177.1078211,0.9319,0
6UC0_49w.pdb,-1289.1578011,0.9315,0
6UC0_4w.pdb,-1261.18589494,0.926,0
6UC0_50w.pdb,-1318.01441972,0.9275,0
6UC0_5w.pdb,-1263.81514,0.9229,0
6UC0_6w.pdb,-1272.07364338,0.9226,0
6UC0_7w.pdb,-1302.79677346,0.9259,0
6UC0_8w.pdb,-1283.6024292,0.9245,0
6UC0_9w.pdb,-1223.6927,0.9306,0
