structure,HADDOCK-score,Helix,Sheet,Turn,Coil,All
5GRS_12w.pdb,-2421.04765,1018,632,828,408,2886
5GRS_19w.pdb,-2362.60201,1058,629,818,406,2911
5GRS_33w.pdb,-2357.331999,1030,637,830,397,2894
5GRS_44w.pdb,-2355.43967,1045,630,830,397,2902
