structure,HADDOCK-score,correlation
5GRS_1.pdb,-4307.68118,0.8937
5GRS_10.pdb,-4165.57501,0.8921
5GRS_11.pdb,-4313.42384,0.8926
5GRS_12.pdb,-4552.7635,0.8898
5GRS_13.pdb,-4267.29432,0.8933
5GRS_14.pdb,-4355.66003,0.8956
5GRS_15.pdb,-4076.25454,0.895
5GRS_16.pdb,-4039.02968,0.8936
5GRS_17.pdb,-4218.6713,0.8943
5GRS_18.pdb,-4295.67394,0.8949
5GRS_19.pdb,-4438.53725,0.8944
5GRS_2.pdb,-4340.19918,0.8952
5GRS_20.pdb,-4091.70628,0.8916
5GRS_21.pdb,-4043.51124,0.8932
5GRS_22.pdb,-4243.527,0.8925
5GRS_23.pdb,-4344.39369,0.8915
5GRS_24.pdb,-4416.35851,0.8897
5GRS_25.pdb,-3953.56328,0.8895
5GRS_26.pdb,-4337.94667,0.8929
5GRS_27.pdb,-4087.37004,0.8924
5GRS_28.pdb,-4412.36008,0.8906
5GRS_29.pdb,-4340.00158,0.8942
5GRS_3.pdb,-4003.294,0.889
5GRS_30.pdb,-4313.76261,0.895
5GRS_31.pdb,-4308.16487,0.8952
5GRS_32.pdb,-4064.7734,0.8933
5GRS_33.pdb,-4591.61382,0.8916
5GRS_34.pdb,-4269.64481,0.8946
5GRS_35.pdb,-4283.86986,0.8922
5GRS_36.pdb,-4202.8355,0.8899
5GRS_37.pdb,-4468.28512,0.8927
5GRS_38.pdb,-4280.41741,0.8936
5GRS_39.pdb,-4038.45854,0.8927
5GRS_4.pdb,-4208.70296,0.8913
5GRS_40.pdb,-4209.05829,0.8921
5GRS_41.pdb,-4271.43909,0.8948
5GRS_42.pdb,-4113.60332,0.8927
5GRS_43.pdb,-4445.44894,0.892
5GRS_44.pdb,-4420.31585,0.8927
5GRS_45.pdb,-4318.37728,0.8938
5GRS_46.pdb,-4277.8363,0.892
5GRS_47.pdb,-4199.85687,0.8959
5GRS_48.pdb,-4113.93664,0.8922
5GRS_49.pdb,-4217.30223,0.8935
5GRS_5.pdb,-4296.66456,0.8933
5GRS_50.pdb,-4188.2941,0.8939
5GRS_6.pdb,-4164.43517,0.8915
5GRS_7.pdb,-4059.9811,0.8912
5GRS_8.pdb,-4292.5992,0.8934
5GRS_9.pdb,-4345.9046,0.8896
