structure,HADDOCK-score,atomic-clashes
5GRS_1.pdb,-4307.68118,5
5GRS_10.pdb,-4165.57501,4
5GRS_11.pdb,-4313.42384,8
5GRS_12.pdb,-4552.7635,6
5GRS_13.pdb,-4267.29432,8
5GRS_14.pdb,-4355.66003,6
5GRS_15.pdb,-4076.25454,4
5GRS_16.pdb,-4039.02968,6
5GRS_17.pdb,-4218.6713,6
5GRS_18.pdb,-4295.67394,5
5GRS_19.pdb,-4438.53725,5
5GRS_2.pdb,-4340.19918,6
5GRS_20.pdb,-4091.70628,7
5GRS_21.pdb,-4043.51124,5
5GRS_22.pdb,-4243.527,9
5GRS_23.pdb,-4344.39369,6
5GRS_24.pdb,-4416.35851,8
5GRS_25.pdb,-3953.56328,6
5GRS_26.pdb,-4337.94667,2
5GRS_27.pdb,-4087.37004,9
5GRS_28.pdb,-4412.36008,5
5GRS_29.pdb,-4340.00158,3
5GRS_3.pdb,-4003.294,7
5GRS_30.pdb,-4313.76261,7
5GRS_31.pdb,-4308.16487,7
5GRS_32.pdb,-4064.7734,10
5GRS_33.pdb,-4591.61382,7
5GRS_34.pdb,-4269.64481,4
5GRS_35.pdb,-4283.86986,6
5GRS_36.pdb,-4202.8355,7
5GRS_37.pdb,-4468.28512,2
5GRS_38.pdb,-4280.41741,3
5GRS_39.pdb,-4038.45854,5
5GRS_4.pdb,-4208.70296,6
5GRS_40.pdb,-4209.05829,7
5GRS_41.pdb,-4271.43909,6
5GRS_42.pdb,-4113.60332,6
5GRS_43.pdb,-4445.44894,4
5GRS_44.pdb,-4420.31585,6
5GRS_45.pdb,-4318.37728,4
5GRS_46.pdb,-4277.8363,2
5GRS_47.pdb,-4199.85687,7
5GRS_48.pdb,-4113.93664,8
5GRS_49.pdb,-4217.30223,4
5GRS_5.pdb,-4296.66456,4
5GRS_50.pdb,-4188.2941,4
5GRS_6.pdb,-4164.43517,4
5GRS_7.pdb,-4059.9811,5
5GRS_8.pdb,-4292.5992,4
5GRS_9.pdb,-4345.9046,7
