structure,HADDOCK-score,Helix,Sheet,unordered
5GRS_12w.pdb,-2421.04765,23.6,30.9,45.5
5GRS_19w.pdb,-2362.60201,23.7,30.7,45.6
5GRS_33w.pdb,-2357.331999,23.8,30.6,45.7
5GRS_44w.pdb,-2355.43967,23.7,30.8,45.5
