structure,HADDOCK-score,Helix,Sheet,unordered
6N7G_21w.pdb,-573.13002,52.4,3.9,43.7
6N7G_34w.pdb,-565.09599,52.3,4.3,43.4
6N7G_44w.pdb,-558.45834,51.9,4.3,43.8
6N7G_8w.pdb,-544.65133,52.7,4.3,43.1
