structure,HADDOCK-score,Helix,Sheet,Turn,Coil,All
6N7G_21w.pdb,-573.13002,176,1212,750,319,2457
6N7G_34w.pdb,-565.09599,183,1210,751,318,2462
6N7G_44w.pdb,-558.45834,184,1207,739,326,2456
6N7G_8w.pdb,-544.65133,176,1209,755,321,2461
