structure,HADDOCK-score,Helix,Sheet,Turn,Coil,All
6UBY_42w.pdb,-1131.975303,570,1115,1009,385,3079
6UBY_38w.pdb,-1111.448561,579,1115,1004,378,3076
6UBY_9w.pdb,-1093.703492,571,1105,1005,399,3080
6UBY_33w.pdb,-1089.142139,573,1108,1004,396,3081
