structure,HADDOCK-score,clashscore,ramaoutliers,rotameroutliers,molprobety-score
6UBY_42w.pdb,-1131.975303,10.99,0.59,11.55,2.78
6UBY_38w.pdb,-1111.448561,10.44,0.59,11.33,2.74
6UBY_9w.pdb,-1093.703492,10.54,0.59,11.69,2.73
6UBY_33w.pdb,-1089.142139,12.59,0.70,14.49,2.97
