structure,HADDOCK-score,correlation,atomic-clashes
3J95_10w.pdb,-1380.0052,0.9335,0
3J95_11w.pdb,-1307.1425,0.9323,0
3J95_12w.pdb,-1357.5056,0.933,0
3J95_13w.pdb,-1370.735,0.9311,0
3J95_14w.pdb,-1343.7085,0.9336,0
3J95_15w.pdb,-1389.485,0.933,0
3J95_16w.pdb,-1345.7047,0.9325,1
3J95_17w.pdb,-1287.9002,0.9317,1
3J95_18w.pdb,-1329.0904,0.9329,0
3J95_19w.pdb,-1403.5493,0.9341,1
3J95_1w.pdb,-1291.7028,0.9319,0
3J95_20w.pdb,-1390.2356,0.9329,0
3J95_21w.pdb,-1307.5809,0.9323,1
3J95_22w.pdb,-1316.9022,0.9318,2
3J95_23w.pdb,-1251.7332,0.9316,0
3J95_24w.pdb,-1325.342,0.9324,0
3J95_25w.pdb,-1295.7767,0.932,1
3J95_26w.pdb,-1324.181,0.933,2
3J95_27w.pdb,-1366.5789,0.9335,1
3J95_28w.pdb,-1385.1979,0.933,1
3J95_29w.pdb,-1295.874,0.9326,0
3J95_2w.pdb,-1301.3106,0.9325,0
3J95_30w.pdb,-1334.2371,0.9333,0
3J95_31w.pdb,-1281.2122,0.9327,0
3J95_32w.pdb,-1397.7216,0.9328,1
3J95_33w.pdb,-1266.2426,0.9329,1
3J95_34w.pdb,-1287.6063,0.9319,0
3J95_35w.pdb,-1338.6847,0.933,0
3J95_36w.pdb,-1360.6032,0.9332,0
3J95_37w.pdb,-1323.79481,0.9328,1
3J95_38w.pdb,-1256.4834,0.9317,1
3J95_39w.pdb,-1337.8333,0.9332,1
3J95_3w.pdb,-1351.6138,0.9332,1
3J95_40w.pdb,-1303.8446,0.9319,1
3J95_41w.pdb,-1321.9048,0.9327,0
3J95_42w.pdb,-1367.86511,0.9327,0
3J95_43w.pdb,-1388.437,0.9329,1
3J95_44w.pdb,-1351.034,0.9317,1
3J95_45w.pdb,-1285.71781,0.9319,2
3J95_46w.pdb,-1370.7634,0.9338,0
3J95_47w.pdb,-1342.1813,0.9317,1
3J95_48w.pdb,-1347.2168,0.9315,0
3J95_49w.pdb,-1434.049,0.9339,0
3J95_4w.pdb,-1303.6357,0.9292,1
3J95_50w.pdb,-1250.0611,0.9325,0
3J95_5w.pdb,57.0574,0.9253,0
3J95_6w.pdb,-1386.9347,0.9337,0
3J95_7w.pdb,-1351.6573,0.9314,1
3J95_8w.pdb,-1336.1526,0.9331,0
3J95_9w.pdb,-1396.0973,0.9327,4
