structure,HADDOCK-score,correlation,atomic-clashes
5HNY_10w.pdb,-381.55079,0.9348,1
5HNY_11w.pdb,-383.767484,0.9357,0
5HNY_12w.pdb,-422.0802,0.9341,0
5HNY_13w.pdb,-347.829354,0.9338,0
5HNY_14w.pdb,-411.35563,0.9349,0
5HNY_15w.pdb,-378.89947,0.9335,1
5HNY_16w.pdb,-345.183661,0.9348,0
5HNY_17w.pdb,-356.494304,0.9357,0
5HNY_18w.pdb,-358.764924,0.935,0
5HNY_19w.pdb,-396.57953,0.935,1
5HNY_1w.pdb,-393.72316,0.9356,0
5HNY_20w.pdb,-374.161116,0.935,0
5HNY_21w.pdb,-406.75338,0.9338,0
5HNY_22w.pdb,-405.81928,0.9347,0
5HNY_23w.pdb,-383.83689,0.9343,1
5HNY_24w.pdb,-366.68097,0.9341,0
5HNY_25w.pdb,-380.088495,0.9333,0
5HNY_26w.pdb,-410.52112,0.9352,0
5HNY_27w.pdb,-317.40272,0.9307,0
5HNY_28w.pdb,-174.72318,0.9312,0
5HNY_29w.pdb,-393.90494,0.9356,1
5HNY_2w.pdb,-367.5497,0.9348,0
5HNY_30w.pdb,-390.66238,0.9351,0
5HNY_31w.pdb,-327.76723,0.9326,0
5HNY_32w.pdb,-319.27267,0.9326,0
5HNY_33w.pdb,-368.06239,0.9353,0
5HNY_34w.pdb,-380.64158,0.9345,0
5HNY_35w.pdb,-358.64545,0.935,0
5HNY_36w.pdb,-375.42178,0.9332,0
5HNY_37w.pdb,-362.571031,0.9337,1
5HNY_38w.pdb,-388.31626,0.9352,0
5HNY_39w.pdb,-363.9034,0.9343,1
5HNY_3w.pdb,-385.66183,0.935,0
5HNY_40w.pdb,-364.21825,0.9338,1
5HNY_41w.pdb,-365.83411,0.9339,0
5HNY_42w.pdb,-409.15507,0.9343,0
5HNY_43w.pdb,-379.795349,0.9355,0
5HNY_44w.pdb,-401.089655,0.9339,0
5HNY_45w.pdb,-385.27428,0.9348,0
5HNY_46w.pdb,-417.017,0.9349,0
5HNY_47w.pdb,-387.63779,0.9353,0
5HNY_48w.pdb,-358.88122,0.9336,0
5HNY_49w.pdb,-384.35963,0.9337,0
5HNY_4w.pdb,-404.145676,0.9356,0
5HNY_50w.pdb,-362.02665,0.935,0
5HNY_5w.pdb,-366.06508,0.9351,0
5HNY_6w.pdb,-381.779771,0.9346,0
5HNY_7w.pdb,-344.86346,0.9339,0
5HNY_8w.pdb,-331.08394,0.9347,0
5HNY_9w.pdb,-379.635909,0.935,0
