structure,HADDOCK-score,correlation,atomic-clashes
5WCB_10w.pdb,-933.3347,0.8979,0
5WCB_11w.pdb,-954.43686,0.8974,0
5WCB_12w.pdb,-945.4792,0.897,0
5WCB_13w.pdb,-979.8543,0.8973,0
5WCB_14w.pdb,-1026.06502,0.8989,0
5WCB_15w.pdb,-976.12549,0.8986,0
5WCB_16w.pdb,-919.72666,0.8963,0
5WCB_17w.pdb,-908.8947,0.8963,0
5WCB_18w.pdb,-951.93375,0.8965,0
5WCB_19w.pdb,-1036.1817,0.8983,0
5WCB_1w.pdb,-963.7193,0.898,0
5WCB_20w.pdb,-922.96796,0.8999,0
5WCB_21w.pdb,-899.9262,0.8956,0
5WCB_22w.pdb,-951.4327,0.8988,1
5WCB_23w.pdb,-1012.19973,0.8979,0
5WCB_24w.pdb,-1008.88,0.8975,0
5WCB_25w.pdb,-918.7375,0.8975,0
5WCB_26w.pdb,-981.33792,0.8993,0
5WCB_27w.pdb,-888.84129,0.894,0
5WCB_28w.pdb,-980.67343,0.8965,0
5WCB_29w.pdb,-933.11521,0.8958,0
5WCB_2w.pdb,-937.2205,0.8976,0
5WCB_30w.pdb,-943.50814,0.896,0
5WCB_31w.pdb,-920.12547,0.8987,1
5WCB_32w.pdb,-1013.25486,0.8976,0
5WCB_33w.pdb,-981.9091,0.8995,0
5WCB_34w.pdb,-895.45493,0.8956,0
5WCB_35w.pdb,-1021.3762,0.8977,1
5WCB_36w.pdb,-945.429,0.8981,0
5WCB_37w.pdb,-985.8578,0.8987,0
5WCB_38w.pdb,-944.6812,0.8972,0
5WCB_39w.pdb,-949.27007,0.8968,1
5WCB_3w.pdb,-942.394,0.8947,0
5WCB_40w.pdb,-984.6485,0.8992,0
5WCB_41w.pdb,-997.0988,0.899,0
5WCB_42w.pdb,-991.19936,0.8983,0
5WCB_43w.pdb,-975.78037,0.8962,0
5WCB_44w.pdb,-928.57608,0.8958,0
5WCB_45w.pdb,-979.98416,0.8977,0
5WCB_46w.pdb,-946.6026,0.8965,0
5WCB_47w.pdb,-955.7826,0.8977,0
5WCB_48w.pdb,-932.7557,0.8979,0
5WCB_49w.pdb,-937.29103,0.896,1
5WCB_4w.pdb,-924.9129,0.894,0
5WCB_50w.pdb,-962.6607,0.895,0
5WCB_5w.pdb,-920.6933,0.8972,0
5WCB_6w.pdb,-968.1809,0.8995,0
5WCB_7w.pdb,-982.9003,0.8979,0
5WCB_8w.pdb,-975.0262,0.8974,0
5WCB_9w.pdb,-952.2756,0.8966,0
