structure,HADDOCK-score,correlation,atomic-clashes
6C3P_10w.pdb,-2160.6897,0.5207,3
6C3P_11w.pdb,-2255.4047,0.5332,0
6C3P_12w.pdb,-2092.9799,0.5243,1
6C3P_13w.pdb,-2313.0631,0.5342,1
6C3P_14w.pdb,-2254.9181,0.5382,1
6C3P_15w.pdb,-2259.71955,0.5368,1
6C3P_16w.pdb,-2128.8936,0.5239,2
6C3P_17w.pdb,-2244.7915,0.5362,0
6C3P_18w.pdb,-2152.0651,0.5343,0
6C3P_19w.pdb,-2246.056,0.535,0
6C3P_1w.pdb,-2286.8446,0.5354,2
6C3P_20w.pdb,-2250.1108,0.5276,2
6C3P_21w.pdb,-2209.5869,0.5367,1
6C3P_22w.pdb,-2264.9172,0.5389,0
6C3P_23w.pdb,-2273.4289,0.5318,0
6C3P_24w.pdb,-2288.5431,0.5357,1
6C3P_25w.pdb,-2062.2692,0.5252,2
6C3P_26w.pdb,-2253.6117,0.5339,2
6C3P_27w.pdb,-2235.585,0.5351,1
6C3P_28w.pdb,-2242.2375,0.5349,0
6C3P_29w.pdb,-2246.5341,0.5372,0
6C3P_2w.pdb,-2301.37153,0.5337,0
6C3P_30w.pdb,-2261.7699,0.5414,1
6C3P_31w.pdb,-2234.2852,0.5322,0
6C3P_32w.pdb,-2230.04,0.5363,0
6C3P_33w.pdb,-2255.7496,0.5372,0
6C3P_34w.pdb,-2214.16957,0.5358,0
6C3P_35w.pdb,-2223.5936,0.5279,0
6C3P_36w.pdb,-2068.3959,0.5287,2
6C3P_37w.pdb,-2288.2237,0.5315,0
6C3P_38w.pdb,-2156.9869,0.5246,1
6C3P_39w.pdb,-2106.289,0.5242,0
6C3P_3w.pdb,-2165.8491,0.537,0
6C3P_40w.pdb,-2207.5516,0.5372,1
6C3P_41w.pdb,-2293.4402,0.536,0
6C3P_42w.pdb,-2268.78528,0.5399,1
6C3P_43w.pdb,-2306.15111,0.5366,1
6C3P_44w.pdb,-2242.3379,0.538,0
6C3P_45w.pdb,-2242.037,0.5364,2
6C3P_46w.pdb,-2278.2668,0.5345,0
6C3P_47w.pdb,-2186.0398,0.5352,1
6C3P_48w.pdb,-2050.4549,0.5238,0
6C3P_49w.pdb,-2259.2843,0.5385,2
6C3P_4w.pdb,-2238.19256,0.5367,1
6C3P_50w.pdb,-2214.8492,0.5335,2
6C3P_5w.pdb,-2259.3781,0.534,1
6C3P_6w.pdb,-2199.8044,0.5382,1
6C3P_7w.pdb,-1725.324,0.5089,3
6C3P_8w.pdb,-2247.8123,0.5377,2
6C3P_9w.pdb,-1735.032,0.5093,6
