structure,HADDOCK-score,correlation,atomic-clashes
6IRF_10w.pdb,-1357.24237,0.8836,2
6IRF_11w.pdb,-1310.29446,0.8832,2
6IRF_12w.pdb,-1318.87914,0.8842,0
6IRF_13w.pdb,-1382.72096,0.8857,1
6IRF_14w.pdb,-1350.53642,0.8844,0
6IRF_15w.pdb,-1369.57913,0.8835,2
6IRF_16w.pdb,-1285.41991,0.8837,2
6IRF_17w.pdb,-1326.35868,0.8836,1
6IRF_18w.pdb,-1306.58054,0.8832,0
6IRF_19w.pdb,-1421.70578,0.8844,0
6IRF_1w.pdb,-1281.38752,0.8853,0
6IRF_20w.pdb,-1396.35033,0.8841,0
6IRF_21w.pdb,-1380.66897,0.8846,0
6IRF_22w.pdb,-1312.90174,0.884,3
6IRF_23w.pdb,-1387.18387,0.8841,0
6IRF_24w.pdb,-1370.98251,0.885,1
6IRF_25w.pdb,-1347.9049,0.8861,1
6IRF_26w.pdb,-1331.34075,0.8827,1
6IRF_27w.pdb,-1423.47435,0.8837,1
6IRF_28w.pdb,-1394.1307,0.8833,0
6IRF_29w.pdb,-1351.20278,0.8819,0
6IRF_2w.pdb,-1369.10516,0.8834,0
6IRF_30w.pdb,-1365.31808,0.8863,1
6IRF_31w.pdb,-1373.73733,0.8849,2
6IRF_32w.pdb,-1416.68488,0.8853,0
6IRF_33w.pdb,-1360.25472,0.8865,1
6IRF_34w.pdb,-1340.0773,0.8822,0
6IRF_35w.pdb,-1400.344,0.8842,1
6IRF_36w.pdb,-1424.33041,0.8849,0
6IRF_37w.pdb,-1295.4963,0.883,0
6IRF_38w.pdb,-1369.98441,0.884,0
6IRF_39w.pdb,-1315.11971,0.8829,0
6IRF_3w.pdb,-1372.25515,0.8827,1
6IRF_40w.pdb,-1376.00845,0.8831,0
6IRF_41w.pdb,-1411.62774,0.8841,1
6IRF_42w.pdb,-1394.1337,0.8833,1
6IRF_43w.pdb,-1333.78957,0.8845,0
6IRF_44w.pdb,-1353.53378,0.8821,1
6IRF_45w.pdb,-1311.21629,0.8845,0
6IRF_46w.pdb,-1443.92911,0.8829,0
6IRF_47w.pdb,-1379.13532,0.8856,0
6IRF_48w.pdb,-1420.94789,0.8857,0
6IRF_49w.pdb,-1342.37715,0.8845,1
6IRF_4w.pdb,-1456.42281,0.8844,0
6IRF_50w.pdb,-1359.6418,0.8833,1
6IRF_5w.pdb,-1381.8759,0.8838,0
6IRF_6w.pdb,-1406.46697,0.8857,0
6IRF_7w.pdb,-1401.71591,0.8833,0
6IRF_8w.pdb,-1421.27858,0.8853,1
6IRF_9w.pdb,-1369.83545,0.8842,1
