structure,HADDOCK-score,correlation,atomic-clashes
6N1Q_10w.pdb,-1068.18054,0.8818,0
6N1Q_11w.pdb,-1070.2823,0.8922,0
6N1Q_12w.pdb,-1121.0614,0.8909,0
6N1Q_13w.pdb,-1034.97902,0.889,0
6N1Q_14w.pdb,-983.2215,0.8864,0
6N1Q_15w.pdb,-1065.11218,0.8878,1
6N1Q_16w.pdb,-993.9638,0.8857,0
6N1Q_17w.pdb,-1089.8628,0.887,0
6N1Q_18w.pdb,-1091.6552,0.8785,0
6N1Q_19w.pdb,-1118.56045,0.8893,0
6N1Q_1w.pdb,-1033.521,0.8773,0
6N1Q_20w.pdb,-1074.664,0.8765,0
6N1Q_21w.pdb,-1054.9887,0.8882,0
6N1Q_22w.pdb,-1069.2951,0.8808,0
6N1Q_23w.pdb,-1037.37709,0.8847,0
6N1Q_24w.pdb,-1109.83436,0.8844,0
6N1Q_25w.pdb,-1021.10734,0.876,0
6N1Q_26w.pdb,-1063.707,0.8864,0
6N1Q_27w.pdb,-1008.142,0.8751,1
6N1Q_28w.pdb,-1031.2923,0.8871,0
6N1Q_29w.pdb,-1114.9738,0.8805,0
6N1Q_2w.pdb,-1007.8315,0.8809,0
6N1Q_30w.pdb,-1069.7692,0.8728,0
6N1Q_31w.pdb,-1045.0782,0.8843,0
6N1Q_32w.pdb,-1025.0092,0.8844,0
6N1Q_33w.pdb,-971.4176,0.8743,0
6N1Q_34w.pdb,-994.368,0.8882,1
6N1Q_35w.pdb,-1021.3766,0.8865,0
6N1Q_36w.pdb,-996.0787,0.8821,0
6N1Q_37w.pdb,-940.794,0.8702,0
6N1Q_38w.pdb,-1006.6081,0.8835,0
6N1Q_39w.pdb,-991.4177,0.8859,0
6N1Q_3w.pdb,-1041.0733,0.8826,0
6N1Q_40w.pdb,-1094.5439,0.8894,0
6N1Q_41w.pdb,-1004.32075,0.8754,0
6N1Q_42w.pdb,-1065.04353,0.8913,0
6N1Q_43w.pdb,-1036.53964,0.8713,0
6N1Q_44w.pdb,-936.5143,0.869,0
6N1Q_45w.pdb,-1039.2408,0.8894,0
6N1Q_46w.pdb,-1034.2226,0.8771,0
6N1Q_47w.pdb,-1033.5314,0.8805,0
6N1Q_48w.pdb,-1061.4744,0.8742,0
6N1Q_49w.pdb,-1058.72428,0.8879,0
6N1Q_4w.pdb,-1045.0182,0.8838,0
6N1Q_50w.pdb,-1048.2789,0.8875,0
6N1Q_5w.pdb,-1112.9143,0.8841,0
6N1Q_6w.pdb,-1142.33315,0.8945,0
6N1Q_7w.pdb,-1014.86416,0.8852,0
6N1Q_8w.pdb,-1025.5049,0.8871,0
6N1Q_9w.pdb,-876.1947,0.8586,1
