structure,HADDOCK-score,correlation,atomic-clashes
6N8Z_10w.pdb,-1993.786,0.9275,1
6N8Z_11w.pdb,-1687.50854,0.9298,4
6N8Z_12w.pdb,-1985.3569,0.9269,2
6N8Z_13w.pdb,-1959.7622,0.9301,0
6N8Z_14w.pdb,-2017.4844,0.9284,0
6N8Z_15w.pdb,-1966.4767,0.9289,0
6N8Z_16w.pdb,-2031.9619,0.9274,1
6N8Z_17w.pdb,-1974.5827,0.9297,1
6N8Z_18w.pdb,-2033.4303,0.9262,3
6N8Z_19w.pdb,-2051.7736,0.9282,0
6N8Z_1w.pdb,-2004.403,0.9272,0
6N8Z_20w.pdb,-1930.7112,0.9297,2
6N8Z_21w.pdb,-1956.8668,0.9275,1
6N8Z_22w.pdb,-2178.5465,0.9284,1
6N8Z_23w.pdb,-2103.7465,0.9286,0
6N8Z_24w.pdb,-1929.3343,0.9287,2
6N8Z_25w.pdb,-1887.4164,0.9277,0
6N8Z_26w.pdb,-1891.5011,0.9284,1
6N8Z_27w.pdb,-1676.64972,0.9298,4
6N8Z_28w.pdb,-1911.6599,0.9273,0
6N8Z_29w.pdb,-2053.6351,0.9281,1
6N8Z_2w.pdb,-1886.1481,0.9297,2
6N8Z_30w.pdb,-2009.0606,0.9288,0
6N8Z_31w.pdb,-1965.0199,0.9291,0
6N8Z_32w.pdb,-1977.4308,0.9285,0
6N8Z_33w.pdb,-2138.3107,0.9276,0
6N8Z_34w.pdb,-2072.1788,0.9278,0
6N8Z_35w.pdb,-2072.4955,0.9272,0
6N8Z_36w.pdb,-1754.8326,0.9296,0
6N8Z_37w.pdb,-2048.2839,0.9283,0
6N8Z_38w.pdb,-1429.641,0.9091,3
6N8Z_39w.pdb,-2180.6128,0.9296,2
6N8Z_3w.pdb,-1992.2181,0.9282,0
6N8Z_40w.pdb,-2095.633,0.9292,0
6N8Z_41w.pdb,-2046.6404,0.9272,1
6N8Z_42w.pdb,-1947.8084,0.9259,0
6N8Z_43w.pdb,-1941.8197,0.9264,2
6N8Z_44w.pdb,-2010.1143,0.9287,1
6N8Z_45w.pdb,-1864.8229,0.9294,2
6N8Z_46w.pdb,-1942.6116,0.9291,0
6N8Z_47w.pdb,-2124.1582,0.9295,1
6N8Z_48w.pdb,-2309.8678,0.9285,1
6N8Z_49w.pdb,-1994.5773,0.9276,1
6N8Z_4w.pdb,-2017.5626,0.9286,2
6N8Z_50w.pdb,-1791.5115,0.9291,2
6N8Z_5w.pdb,-2011.9547,0.9285,1
6N8Z_6w.pdb,-1694.45605,0.9299,2
6N8Z_7w.pdb,-1976.342,0.9262,1
6N8Z_8w.pdb,-2000.7964,0.9288,1
6N8Z_9w.pdb,-1897.8842,0.9288,0
