structure,HADDOCK-score,Helix,Sheet,Turn,Coil,All
3J95_5w.pdb,-1606.6189,375,1548,849,525,3297
3J95_16w.pdb,-1548.1562,362,1590,793,524,3269
3J95_11w.pdb,-1513.75713,386,1547,879,496,3308
3J95_19w.pdb,-1483.19944,365,1553,865,508,3291
