structure,HADDOCK-score,Helix,Sheet,unordered
3J95_5w.pdb,-1606.6189,48.6,10.1,41.3
3J95_16w.pdb,-1548.1562,49.4,10.1,40.5
3J95_11w.pdb,-1513.75713,48.3,9.9,41.8
3J95_19w.pdb,-1483.19944,47.7,10.0,42.2
