structure,HADDOCK-score,clashscore,ramaoutliers,rotameroutliers,molprobety-score
3J96_6w.pdb,-3657.93593,6.85,1.08,9.13,2.58
3J96_13w.pdb,-3654.73717,7.48,1.14,9.42,2.62
3J96_14w.pdb,-3636.85825,7.29,1.31,9.07,2.61
3J96_10w.pdb,-3601.99753,7.65,1.42,9.00,2.62
