structure,HADDOCK-score,Helix,Sheet,unordered
3J96_6w.pdb,-3657.93593,48.9,14.0,37.1
3J96_13w.pdb,-3654.73717,49.1,13.9,37.0
3J96_14w.pdb,-3636.85825,48.4,14.0,37.6
3J96_10w.pdb,-3601.99753,48.9,13.8,37.3
