structure,HADDOCK-score,Helix,Sheet,Turn,Coil,All
3J96_6w.pdb,-3657.93593,1015,2884,1462,834,6195
3J96_13w.pdb,-3654.73717,1030,2925,1466,789,6210
3J96_14w.pdb,-3636.85825,1013,2860,1547,810,6230
3J96_10w.pdb,-3601.99753,978,2909,1488,827,6202
