structure,HADDOCK-score,Helix,Sheet,unordered
5GRS_45w.pdb,-2322.694375,23.0,30.4,46.5
5GRS_15w.pdb,-2320.08033,23.4,29.8,46.8
5GRS_44w.pdb,-2301.007961,23.3,31.0,45.7
5GRS_2w.pdb,-2286.983512,23.1,30.6,46.2
