structure,HADDOCK-score,Helix,Sheet,unordered
5WCB_47w.pdb,-1108.02647,43.9,7.5,48.6
5WCB_43w.pdb,-1105.12495,43.3,7.4,49.3
5WCB_17w.pdb,-1103.485175,44.2,7.5,48.3
5WCB_32w.pdb,-1092.94897,43.9,8.0,48.1
