structure,HADDOCK-score,Helix,Sheet,Turn,Coil,All
6AHF_34w.pdb,-1251.4087,98,1953,2098,951,5100
6AHF_2w.pdb,-1184.29127,108,1930,2149,939,5126
6AHF_49w.pdb,-1179.372,102,1957,2077,964,5100
6AHF_17w.pdb,-1169.85232,108,1988,2043,942,5081
