structure,HADDOCK-score,Helix,Sheet,Turn,Coil,All
6IRF_48w.pdb,-1414.9955,657,1258,979,632,3526
6IRF_46w.pdb,-1409.47895,629,1270,966,640,3505
6IRF_47w.pdb,-1404.11276,631,1261,1008,635,3535
6IRF_6w.pdb,-1398.99507,625,1267,1014,631,3537
