structure,HADDOCK-score,Helix,Sheet,unordered
6IRF_48w.pdb,-1414.9955,37.0,13.8,49.1
6IRF_46w.pdb,-1409.47895,36.9,13.3,49.8
6IRF_47w.pdb,-1404.11276,36.9,13.4,49.6
6IRF_6w.pdb,-1398.99507,37.2,12.6,50.3
