structure,HADDOCK-score,Helix,Sheet,unordered
6N1Q_46w.pdb,552.9353,46.9,8.2,44.9
6N1Q_28w.pdb,2320.52987,46.8,8.6,44.6
6N1Q_32w.pdb,2322.66852,47.1,8.4,44.5
6N1Q_12w.pdb,2337.94326,46.6,8.7,44.7
