structure,HADDOCK-score,Helix,Sheet,Turn,Coil,All
6N1Q_46w.pdb,552.9353,529,1985,1024,777,4315
6N1Q_28w.pdb,2320.52987,536,1988,989,797,4310
6N1Q_32w.pdb,2322.66852,519,1991,1008,783,4301
6N1Q_12w.pdb,2337.94326,533,1971,1017,787,4308
