structure,HADDOCK-score,Helix,Sheet,unordered
6N7G_44w.pdb,-547.85848,52.3,4.1,43.6
6N7G_39w.pdb,-547.49776,52.3,4.2,43.5
6N7G_23w.pdb,-542.89608,52.1,4.1,43.8
6N7G_42w.pdb,-541.4217,52.3,4.1,43.6
