structure,HADDOCK-score,Helix,Sheet,Turn,Coil,All
6N7G_44w.pdb,-613.53688,143,1236,689,373,2441
6N7G_16w.pdb,-598.23515,154,1241,670,357,2422
6N7G_21w.pdb,-597.65107,193,1217,745,312,2467
6N7G_45w.pdb,-592.30512,178,1235,681,345,2439
