structure,HADDOCK-score,Helix,Sheet,unordered
6N7G_44w.pdb,-613.53688,53.5,4.5,42.0
6N7G_16w.pdb,-598.23515,53.5,3.1,43.5
6N7G_21w.pdb,-597.65107,52.4,3.9,43.6
6N7G_45w.pdb,-592.30512,52.8,4.2,43.0
