structure,HADDOCK-score,Helix,Sheet,unordered
6N8Z_29w.pdb,-2302.06142,49.6,8.2,42.2
6N8Z_15w.pdb,-2207.35328,49.2,8.3,42.4
6N8Z_13w.pdb,-2202.006,49.4,8.3,42.3
6N8Z_11w.pdb,-2196.5314,48.9,8.1,43.0
