structure,HADDOCK-score,Helix,Sheet,unordered
6UBY_50w.pdb,-1189.50294,39.8,16.1,44.0
6UBY_46w.pdb,-1187.609342,39.3,15.8,44.9
6UBY_1w.pdb,-1184.182359,40.4,15.2,44.4
6UBY_23w.pdb,-1179.339167,39.9,15.5,44.6
