structure,HADDOCK-score,Helix,Sheet,Turn,Coil,All
3J96_39w.pdb,-3723.9293,1012,2858,1585,781,6236
3J96_27w.pdb,-3712.39246,1012,2876,1563,782,6233
3J96_17w.pdb,-3709.92574,1009,2903,1498,800,6210
3J96_24w.pdb,-3704.9303,1032,2907,1516,773,6228
