structure,HADDOCK-score,Helix,Sheet,unordered
3J96_39w.pdb,-3723.9293,48.7,14.0,37.4
3J96_27w.pdb,-3712.39246,48.9,13.8,37.3
3J96_17w.pdb,-3709.92574,48.7,13.8,37.5
3J96_24w.pdb,-3704.9303,48.8,13.8,37.4
