structure,HADDOCK-score,clashscore,ramaoutliers,rotameroutliers,molprobety-score
3J96_39w.pdb,-3723.9293,12.45,1.70,13.94,3.01
3J96_27w.pdb,-3712.39246,12.78,1.76,13.42,3.00
3J96_17w.pdb,-3709.92574,13.62,1.65,14.29,3.06
3J96_24w.pdb,-3704.9303,12.61,1.70,13.66,3.01
