structure,HADDOCK-score,Helix,Sheet,unordered
5GRS_50w.pdb,-2367.14315,23.6,31.0,45.4
5GRS_19w.pdb,-2364.144625,23.5,30.9,45.5
5GRS_36w.pdb,-2354.84015,23.8,31.6,44.7
5GRS_33w.pdb,-2350.61727,23.8,31.6,44.6
