structure,HADDOCK-score,Helix,Sheet,Turn,Coil,All
5GRS_50w.pdb,-2367.14315,1031,630,826,408,2895
5GRS_19w.pdb,-2364.144625,1033,609,867,396,2905
5GRS_36w.pdb,-2354.84015,1035,629,832,402,2898
5GRS_33w.pdb,-2350.61727,1042,627,807,416,2892
