structure,HADDOCK-score,atomic-clashes
5GRS_1.pdb,-4205.13301,4
5GRS_10.pdb,-4257.54879,4
5GRS_11.pdb,-4353.1637,7
5GRS_12.pdb,-4386.07363,3
5GRS_13.pdb,-4395.49588,8
5GRS_14.pdb,-4346.46447,6
5GRS_15.pdb,-4141.3243,5
5GRS_16.pdb,-4302.96992,4
5GRS_17.pdb,-4079.05196,6
5GRS_18.pdb,-4031.7686,4
5GRS_19.pdb,-4357.59613,3
5GRS_2.pdb,-4120.58719,6
5GRS_20.pdb,-4311.16567,3
5GRS_21.pdb,-3901.7223,8
5GRS_22.pdb,-4141.8987,9
5GRS_23.pdb,-4150.79992,4
5GRS_24.pdb,-4176.51363,5
5GRS_25.pdb,-4235.3244,3
5GRS_26.pdb,-4293.1273,6
5GRS_27.pdb,-4129.40566,5
5GRS_28.pdb,-4102.5655,8
5GRS_29.pdb,-4374.52592,7
5GRS_3.pdb,-4151.87203,7
5GRS_30.pdb,-4206.34802,3
5GRS_31.pdb,-4333.90172,7
5GRS_32.pdb,-4338.00001,8
5GRS_33.pdb,-4287.47629,5
5GRS_34.pdb,-4171.67484,5
5GRS_35.pdb,-4263.19572,6
5GRS_36.pdb,-4398.35458,7
5GRS_37.pdb,-4352.194,4
5GRS_38.pdb,-4076.3441,5
5GRS_39.pdb,-4249.73081,6
5GRS_4.pdb,-3719.05227,3
5GRS_40.pdb,-4109.07668,7
5GRS_41.pdb,-4024.67916,6
5GRS_42.pdb,-3920.97059,5
5GRS_43.pdb,-4017.57106,4
5GRS_44.pdb,-4330.0376,5
5GRS_45.pdb,-4039.4322,8
5GRS_46.pdb,-4013.08978,4
5GRS_47.pdb,-4387.42187,7
5GRS_48.pdb,-3951.54795,5
5GRS_49.pdb,-4166.6859,7
5GRS_5.pdb,-4169.17854,4
5GRS_50.pdb,-4395.73805,7
5GRS_6.pdb,-4387.34916,4
5GRS_7.pdb,-3916.4428,7
5GRS_8.pdb,-4317.53621,5
5GRS_9.pdb,-4154.02534,8
