structure,HADDOCK-score,Helix,Sheet,Turn,Coil,All
5HNY_50w.pdb,-452.853904,267,493,389,181,1330
5HNY_23w.pdb,-449.854962,251,505,376,188,1320
5HNY_7w.pdb,-444.23579,259,496,388,183,1326
5HNY_35w.pdb,-443.80964,261,493,404,174,1332
