structure,HADDOCK-score,Helix,Sheet,unordered
5HNY_50w.pdb,-452.853904,41.2,17.8,41.1
5HNY_23w.pdb,-449.854962,41.7,17.2,41.1
5HNY_7w.pdb,-444.23579,41.2,17.7,41.2
5HNY_35w.pdb,-443.80964,41.4,16.6,41.9
