structure,HADDOCK-score,atomic-clashes
5HNY_1.pdb,-598.45945,0
5HNY_10.pdb,-753.8386,0
5HNY_11.pdb,-686.41778,0
5HNY_12.pdb,-867.81673,1
5HNY_13.pdb,-738.9315,0
5HNY_14.pdb,-817.92242,0
5HNY_15.pdb,-843.98501,0
5HNY_16.pdb,-879.05505,0
5HNY_17.pdb,-822.28763,1
5HNY_18.pdb,-704.043551,1
5HNY_19.pdb,-811.90911,1
5HNY_2.pdb,-738.893403,0
5HNY_20.pdb,-818.04229,1
5HNY_21.pdb,-969.88285,1
5HNY_22.pdb,-697.92238,0
5HNY_23.pdb,-888.75269,0
5HNY_24.pdb,-777.484,0
5HNY_25.pdb,-682.48959,0
5HNY_26.pdb,-804.37082,0
5HNY_27.pdb,-725.004215,0
5HNY_28.pdb,-781.56624,0
5HNY_29.pdb,-794.72501,0
5HNY_3.pdb,-710.25014,1
5HNY_30.pdb,-649.2538,0
5HNY_31.pdb,-735.98022,0
5HNY_32.pdb,-656.11698,2
5HNY_33.pdb,-785.63702,0
5HNY_34.pdb,-894.76147,1
5HNY_35.pdb,-981.578852,1
5HNY_36.pdb,-703.23802,0
5HNY_37.pdb,-817.444363,1
5HNY_38.pdb,-768.8571,0
5HNY_39.pdb,-624.35171,0
5HNY_4.pdb,-763.43745,1
5HNY_40.pdb,-828.493588,0
5HNY_41.pdb,1612.0927,0
5HNY_42.pdb,-748.32267,0
5HNY_43.pdb,-770.49801,0
5HNY_44.pdb,-827.858,1
5HNY_45.pdb,-656.37171,2
5HNY_46.pdb,-809.03481,0
5HNY_47.pdb,-767.87214,0
5HNY_48.pdb,-823.40749,0
5HNY_49.pdb,-756.17454,0
5HNY_5.pdb,-796.75383,0
5HNY_50.pdb,-912.94827,0
5HNY_6.pdb,-714.29665,0
5HNY_7.pdb,-835.93307,0
5HNY_8.pdb,-787.60357,0
5HNY_9.pdb,-768.63902,1
