structure,HADDOCK-score,correlation
6ENY_1.pdb,-1395.80713,0.8867
6ENY_10.pdb,-1440.40031,0.8857
6ENY_11.pdb,-1307.01784,0.8857
6ENY_12.pdb,-1382.64264,0.8853
6ENY_13.pdb,-1509.68158,0.8861
6ENY_14.pdb,-1352.4324,0.8843
6ENY_15.pdb,-1380.99019,0.8866
6ENY_16.pdb,-1418.79526,0.8858
6ENY_17.pdb,-1360.30926,0.8844
6ENY_18.pdb,-1463.69743,0.8861
6ENY_19.pdb,-1320.7328,0.8854
6ENY_2.pdb,-1477.0673,0.8852
6ENY_20.pdb,-1498.25655,0.886
6ENY_21.pdb,-1289.74451,0.8851
6ENY_22.pdb,-1346.6029,0.8854
6ENY_23.pdb,-1378.53357,0.8873
6ENY_24.pdb,-1429.4569,0.8839
6ENY_25.pdb,-1454.75306,0.8858
6ENY_26.pdb,-1336.0652,0.8858
6ENY_27.pdb,-1457.556,0.8853
6ENY_28.pdb,-1472.4587,0.8842
6ENY_29.pdb,-1357.13946,0.8836
6ENY_3.pdb,-1373.9706,0.8845
6ENY_30.pdb,-1410.7302,0.8847
6ENY_31.pdb,-1434.99756,0.8851
6ENY_32.pdb,-1413.9191,0.8859
6ENY_33.pdb,-1388.81939,0.884
6ENY_34.pdb,-1378.0111,0.8846
6ENY_35.pdb,-1418.9623,0.8864
6ENY_36.pdb,-1416.72288,0.8844
6ENY_37.pdb,-1456.9926,0.8855
6ENY_38.pdb,-1376.8501,0.8854
6ENY_39.pdb,-1453.6106,0.8868
6ENY_4.pdb,-1523.83209,0.8868
6ENY_40.pdb,-1548.84678,0.8849
6ENY_41.pdb,-1361.29962,0.884
6ENY_42.pdb,-1288.99969,0.8832
6ENY_43.pdb,-1420.56649,0.8856
6ENY_44.pdb,-1326.0841,0.8827
6ENY_45.pdb,-1423.18535,0.8852
6ENY_46.pdb,-1439.1142,0.8857
6ENY_47.pdb,-1454.3716,0.8863
6ENY_48.pdb,-1345.2074,0.8852
6ENY_49.pdb,-1412.87896,0.8852
6ENY_5.pdb,-1533.66594,0.8854
6ENY_50.pdb,-1445.44591,0.8856
6ENY_6.pdb,-1482.69816,0.8834
6ENY_7.pdb,-1302.61002,0.8841
6ENY_8.pdb,-1452.21028,0.8859
6ENY_9.pdb,-1435.71778,0.8856
