structure,HADDOCK-score,atomic-clashes
6ENY_1.pdb,-1395.80713,0
6ENY_10.pdb,-1440.40031,2
6ENY_11.pdb,-1307.01784,1
6ENY_12.pdb,-1382.64264,1
6ENY_13.pdb,-1509.68158,1
6ENY_14.pdb,-1352.4324,0
6ENY_15.pdb,-1380.99019,1
6ENY_16.pdb,-1418.79526,0
6ENY_17.pdb,-1360.30926,3
6ENY_18.pdb,-1463.69743,1
6ENY_19.pdb,-1320.7328,1
6ENY_2.pdb,-1477.0673,0
6ENY_20.pdb,-1498.25655,1
6ENY_21.pdb,-1289.74451,1
6ENY_22.pdb,-1346.6029,1
6ENY_23.pdb,-1378.53357,0
6ENY_24.pdb,-1429.4569,0
6ENY_25.pdb,-1454.75306,3
6ENY_26.pdb,-1336.0652,1
6ENY_27.pdb,-1457.556,1
6ENY_28.pdb,-1472.4587,1
6ENY_29.pdb,-1357.13946,1
6ENY_3.pdb,-1373.9706,1
6ENY_30.pdb,-1410.7302,0
6ENY_31.pdb,-1434.99756,1
6ENY_32.pdb,-1413.9191,2
6ENY_33.pdb,-1388.81939,0
6ENY_34.pdb,-1378.0111,0
6ENY_35.pdb,-1418.9623,0
6ENY_36.pdb,-1416.72288,2
6ENY_37.pdb,-1456.9926,0
6ENY_38.pdb,-1376.8501,0
6ENY_39.pdb,-1453.6106,1
6ENY_4.pdb,-1523.83209,1
6ENY_40.pdb,-1548.84678,2
6ENY_41.pdb,-1361.29962,1
6ENY_42.pdb,-1288.99969,0
6ENY_43.pdb,-1420.56649,2
6ENY_44.pdb,-1326.0841,0
6ENY_45.pdb,-1423.18535,0
6ENY_46.pdb,-1439.1142,0
6ENY_47.pdb,-1454.3716,0
6ENY_48.pdb,-1345.2074,1
6ENY_49.pdb,-1412.87896,1
6ENY_5.pdb,-1533.66594,1
6ENY_50.pdb,-1445.44591,1
6ENY_6.pdb,-1482.69816,1
6ENY_7.pdb,-1302.61002,0
6ENY_8.pdb,-1452.21028,0
6ENY_9.pdb,-1435.71778,0
