structure,HADDOCK-score,Helix,Sheet,unordered
6ENY_28w.pdb,-727.30991,19.5,27.1,53.4
6ENY_31w.pdb,-712.5733,18.9,28.5,52.6
6ENY_16w.pdb,-706.99154,18.9,28.2,52.9
6ENY_40w.pdb,-706.89815,18.7,28.3,53.0
