structure,HADDOCK-score,Helix,Sheet,unordered
6IRF_31w.pdb,-1490.6896,37.2,13.1,49.7
6IRF_20w.pdb,-1490.29521,37.2,12.7,50.1
6IRF_32w.pdb,-1460.20395,36.9,12.5,50.6
6IRF_36w.pdb,-1447.94052,37.4,12.7,49.9
