structure,HADDOCK-score,Helix,Sheet,Turn,Coil,All
6IRF_31w.pdb,-1490.6896,627,1274,1027,606,3534
6IRF_20w.pdb,-1490.29521,606,1274,1010,634,3524
6IRF_32w.pdb,-1460.20395,620,1247,1065,618,3550
6IRF_36w.pdb,-1447.94052,628,1270,1020,622,3540
