structure,HADDOCK-score,Helix,Sheet,unordered
6N7G_45w.pdb,-564.42402,52.2,4.2,43.7
6N7G_37w.pdb,-562.61607,52.5,4.4,43.1
6N7G_18w.pdb,-557.31945,52.8,4.3,43.0
6N7G_11w.pdb,-555.67278,52.4,4.3,43.3
