structure,HADDOCK-score,Helix,Sheet,Turn,Coil,All
6N7G_45w.pdb,-564.42402,181,1206,743,330,2460
6N7G_37w.pdb,-562.61607,180,1203,767,312,2462
6N7G_18w.pdb,-557.31945,176,1206,743,329,2454
6N7G_11w.pdb,-555.67278,181,1214,744,321,2460
