structure,HADDOCK-score,Helix,Sheet,Turn,Coil,All
6N8Z_13w.pdb,-2365.2996,490,2261,1271,637,4659
6N8Z_40w.pdb,-2350.28482,498,2282,1234,642,4656
6N8Z_33w.pdb,-2298.7966,487,2267,1271,638,4663
6N8Z_6w.pdb,-2294.30884,509,2254,1304,619,4686
