structure,HADDOCK-score,Helix,Sheet,unordered
6N8Z_13w.pdb,-2365.2996,49.3,8.2,42.5
6N8Z_40w.pdb,-2350.28482,49.5,8.4,42.1
6N8Z_33w.pdb,-2298.7966,49.6,8.4,42.0
6N8Z_6w.pdb,-2294.30884,49.1,8.4,42.4
