structure,HADDOCK-score,Helix,Sheet,unordered
6UBY_5w.pdb,-1169.37126,40.7,14.8,44.5
6UBY_38w.pdb,-1168.157723,39.4,15.1,45.5
6UBY_1w.pdb,-1158.779778,39.9,15.5,44.5
6UBY_34w.pdb,-1158.626431,39.8,14.7,45.5
