structure,HADDOCK-score,Helix,Sheet,Turn,Coil,All
6UBY_5w.pdb,-1169.37126,564,1117,1004,391,3076
6UBY_38w.pdb,-1168.157723,575,1118,1027,370,3090
6UBY_1w.pdb,-1158.779778,571,1113,1015,384,3083
6UBY_34w.pdb,-1158.626431,573,1097,1013,398,3081
