structure,HADDOCK-score,Helix,Sheet,Turn,Coil,All
6UC0_12w.pdb,-1386.890583,632,1088,1264,396,3380
6UC0_15w.pdb,-1385.610604,630,1059,1285,412,3386
6UC0_26w.pdb,-1381.854482,638,1065,1283,402,3388
6UC0_35w.pdb,-1380.378339,637,1071,1274,404,3386
