structure,HADDOCK-score,Helix,Sheet,unordered
6UC0_12w.pdb,-1386.890583,39.1,16.3,44.6
6UC0_15w.pdb,-1385.610604,40.2,15.5,44.3
6UC0_26w.pdb,-1381.854482,39.3,15.5,45.2
6UC0_35w.pdb,-1380.378339,40.5,15.6,43.9
