structure,HADDOCK-score,correlation,atomic-clashes
6IRF_10w.pdb,-1316.75024,0.878,0
6IRF_11w.pdb,-1157.21537,0.8785,1
6IRF_12w.pdb,-1219.84043,0.8783,1
6IRF_13w.pdb,-1197.10081,0.875,2
6IRF_14w.pdb,-1322.03001,0.8792,2
6IRF_15w.pdb,-1524.90206,0.8812,1
6IRF_16w.pdb,-1188.75443,0.8774,1
6IRF_17w.pdb,-1168.61016,0.8784,2
6IRF_18w.pdb,-1209.07781,0.8777,3
6IRF_19w.pdb,-1108.24242,0.8799,0
6IRF_1w.pdb,-1243.18991,0.8778,2
6IRF_20w.pdb,-1132.55533,0.8746,2
6IRF_21w.pdb,-1143.95249,0.877,0
6IRF_22w.pdb,-1099.50308,0.8751,1
6IRF_23w.pdb,-1433.22694,0.8806,1
6IRF_24w.pdb,-1231.61333,0.8789,1
6IRF_25w.pdb,-1330.17095,0.8791,1
6IRF_26w.pdb,-1338.72122,0.8794,0
6IRF_27w.pdb,-1303.15608,0.8778,2
6IRF_28w.pdb,-1358.40274,0.8789,1
6IRF_29w.pdb,-1284.5279,0.8789,1
6IRF_2w.pdb,-1283.70712,0.8788,1
6IRF_30w.pdb,-1425.58338,0.8817,3
6IRF_31w.pdb,-1229.71176,0.8789,0
6IRF_32w.pdb,-1233.49944,0.8777,3
6IRF_33w.pdb,-1411.15499,0.879,0
6IRF_34w.pdb,-1241.48189,0.8765,0
6IRF_35w.pdb,-1203.32707,0.8794,0
6IRF_36w.pdb,-1405.75802,0.8811,1
6IRF_37w.pdb,-1363.07223,0.8797,2
6IRF_38w.pdb,-1275.06192,0.8766,0
6IRF_39w.pdb,-1169.64933,0.877,2
6IRF_3w.pdb,-1517.83045,0.8829,1
6IRF_40w.pdb,-1472.28074,0.8821,0
6IRF_41w.pdb,-1210.19379,0.8775,0
6IRF_42w.pdb,-1273.21824,0.8771,1
6IRF_43w.pdb,-1241.96591,0.8765,0
6IRF_44w.pdb,-1234.37607,0.8783,2
6IRF_45w.pdb,-1208.25745,0.8769,0
6IRF_46w.pdb,-1099.26316,0.8783,1
6IRF_47w.pdb,-1315.55675,0.8793,3
6IRF_48w.pdb,-1300.86764,0.8779,1
6IRF_49w.pdb,-1268.92051,0.8786,0
6IRF_4w.pdb,-1213.98173,0.8751,1
6IRF_50w.pdb,-1231.35715,0.878,0
6IRF_5w.pdb,-1421.78033,0.8806,1
6IRF_6w.pdb,-1397.12804,0.8816,1
6IRF_7w.pdb,-1133.2617,0.8757,1
6IRF_8w.pdb,-1307.57244,0.8806,2
6IRF_9w.pdb,-1331.07855,0.8796,1
