structure,HADDOCK-score,Helix,Sheet,Turn,Coil,All
6N7G_18w.pdb,-724.55704,1178,192,766,339,2475
6N7G_14w.pdb,-721.9023,1198,186,740,338,2462
6N7G_43w.pdb,-713.94681,1195,187,751,339,2472
6N7G_28w.pdb,-709.23721,1200,191,727,340,2458
