structure,HADDOCK-score,Helix,Sheet,Turn,Coil,All
6UBY_47w.pdb,-1166.859708,764,584,1552,378,3278
6UBY_36w.pdb,-1157.298512,764,586,1548,384,3282
6UBY_14w.pdb,-1153.807261,781,571,1504,396,3252
6UBY_22w.pdb,-1153.169415,755,571,1577,384,3287
