structure,HADDOCK-score,clashscore,ramaoutliers,rotameroutliers,molprobety-score
3J96_44w.pdb,-3582.18652,12.51,1.51,14.05,3.02
3J96_40w.pdb,-3564.13045,11.89,1.63,13.92,2.99
3J96_10w.pdb,-3545.3358,11.79,1.63,13.96,2.99
3J96_50w.pdb,-3535.66568,11.99,1.66,14.52,3.02
