structure,HADDOCK-score,Helix,Sheet,Turn,Coil,All
3J96_44w.pdb,-3582.18652,1014,2859,1578,784,6235
3J96_40w.pdb,-3564.13045,1022,2865,1584,764,6235
3J96_10w.pdb,-3545.3358,1020,2882,1526,790,6218
3J96_50w.pdb,-3535.66568,1015,2903,1491,795,6204
