structure,HADDOCK-score,Helix,Sheet,unordered
3J96_44w.pdb,-3582.18652,48.5,13.8,37.7
3J96_40w.pdb,-3564.13045,48.5,13.9,37.6
3J96_10w.pdb,-3545.3358,48.5,14.0,37.5
3J96_50w.pdb,-3535.66568,48.6,13.9,37.5
