structure,HADDOCK-score,Helix,Sheet,Turn,Coil,All
5HNY_12w.pdb,-422.0802,255,482,413,175,1325
5HNY_46w.pdb,-417.017,272,505,372,178,1327
5HNY_14w.pdb,-411.35563,261,496,377,190,1324
5HNY_26w.pdb,-410.52112,261,492,392,182,1327
