structure,HADDOCK-score,Helix,Sheet,Turn,Coil,All
5WCB_19w.pdb,-1036.1817,137,845,584,343,1909
5WCB_14w.pdb,-1026.06502,120,830,590,370,1910
5WCB_35w.pdb,-1021.3762,128,836,604,342,1910
5WCB_32w.pdb,-1013.25486,138,829,605,350,1922
