structure,HADDOCK-score,Helix,Sheet,unordered
5WCB_19w.pdb,-1036.1817,45.4,4.3,50.3
5WCB_14w.pdb,-1026.06502,43.6,4.5,51.9
5WCB_35w.pdb,-1021.3762,44.7,4.5,50.8
5WCB_32w.pdb,-1013.25486,44.9,4.3,50.8
