structure,HADDOCK-score,Helix,Sheet,unordered
6C3P_13w.pdb,-2313.0631,57.8,8.2,34.0
6C3P_43w.pdb,-2306.15111,57.9,8.3,33.7
6C3P_2w.pdb,-2301.37153,57.8,8.4,33.9
6C3P_41w.pdb,-2293.4402,57.8,8.1,34.1
