structure,HADDOCK-score,clashscore,ramaoutliers,rotameroutliers,molprobety-score
6C3P_13w.pdb,-2313.0631,14.96,1.15,12.98,2.99
6C3P_43w.pdb,-2306.15111,14.90,1.14,12.55,2.97
6C3P_2w.pdb,-2301.37153,14.52,1.17,13.27,2.98
6C3P_41w.pdb,-2293.4402,14.74,1.21,13.07,2.99
