structure,HADDOCK-score,Helix,Sheet,unordered
6IRF_4w.pdb,-1456.42281,36.9,12.4,50.7
6IRF_46w.pdb,-1443.92911,37.3,12.8,49.9
6IRF_36w.pdb,-1424.33041,36.8,12.4,50.8
6IRF_27w.pdb,-1423.47435,36.9,13.3,49.8
