structure,HADDOCK-score,Helix,Sheet,Turn,Coil,All
6IRF_4w.pdb,-1456.42281,598,1279,1006,633,3516
6IRF_46w.pdb,-1443.92911,608,1276,1011,624,3519
6IRF_36w.pdb,-1424.33041,602,1274,1028,620,3524
6IRF_27w.pdb,-1423.47435,604,1278,996,649,3527
