structure,HADDOCK-score,Helix,Sheet,unordered
6N1Q_6w.pdb,-1142.33315,46.8,8.5,44.7
6N1Q_12w.pdb,-1121.0614,47.4,8.5,44.1
6N1Q_19w.pdb,-1118.56045,47.2,8.4,44.4
6N1Q_29w.pdb,-1114.9738,46.7,8.3,45.1
