structure,HADDOCK-score,Helix,Sheet,Turn,Coil,All
6N1Q_6w.pdb,-1142.33315,528,1983,984,796,4291
6N1Q_12w.pdb,-1121.0614,528,1981,995,789,4293
6N1Q_19w.pdb,-1118.56045,530,1997,967,798,4292
6N1Q_29w.pdb,-1114.9738,538,1984,962,816,4300
