structure,HADDOCK-score,clashscore,ramaoutliers,rotameroutliers,molprobety-score
6N1Q_6w.pdb,-1142.33315,10.73,1.47,11.34,2.95
6N1Q_12w.pdb,-1121.0614,10.77,1.44,11.31,2.95
6N1Q_19w.pdb,-1118.56045,10.05,1.55,11.15,2.93
6N1Q_29w.pdb,-1114.9738,10.49,1.47,11.85,2.96
