structure,HADDOCK-score,Helix,Sheet,unordered
6N7G_40w.pdb,-571.60241,52.5,4.0,43.5
6N7G_24w.pdb,-567.39172,52.4,4.3,43.3
6N7G_11w.pdb,-556.07088,52.4,4.1,43.4
6N7G_4w.pdb,-549.72563,52.8,4.3,42.9
