structure,HADDOCK-score,Helix,Sheet,Turn,Coil,All
6N7G_40w.pdb,-571.60241,168,1205,755,329,2457
6N7G_24w.pdb,-567.39172,170,1211,745,326,2452
6N7G_11w.pdb,-556.07088,177,1218,732,330,2457
6N7G_4w.pdb,-549.72563,179,1215,750,319,2463
