structure,HADDOCK-score,Helix,Sheet,Turn,Coil,All
6UBY_36w.pdb,496.61736,566,1115,992,403,3076
6UBY_5w.pdb,501.64135,569,1098,1016,402,3085
6UBY_9w.pdb,503.7719,567,1109,1021,383,3080
6UBY_3w.pdb,516.59365,564,1117,981,408,3070
