structure,HADDOCK-score,Helix,Sheet,unordered
6UBY_36w.pdb,496.61736,40.5,14.8,44.8
6UBY_5w.pdb,501.64135,39.8,15.3,45.0
6UBY_9w.pdb,503.7719,39.9,14.3,45.8
6UBY_3w.pdb,516.59365,41.0,13.8,45.2
