structure,HADDOCK-score,Helix,Sheet,Turn,Coil,All
6UC0_2w.pdb,-1328.851489,647,1085,1225,417,3374
6UC0_31w.pdb,-1324.957681,641,1050,1289,412,3392
6UC0_39w.pdb,-1322.564391,641,1044,1285,418,3388
6UC0_5w.pdb,-1309.46507,627,1073,1244,426,3370
