structure,HADDOCK-score,Helix,Sheet,unordered
6UC0_2w.pdb,-1328.851489,39.9,15.6,44.4
6UC0_31w.pdb,-1324.957681,40.0,15.7,44.3
6UC0_39w.pdb,-1322.564391,39.7,15.4,45.0
6UC0_5w.pdb,-1309.46507,40.0,15.8,44.3
