structure,HADDOCK-score,correlation,atomic-clashes
5HNY_10w.pdb,-286.752072,0.9337,0
5HNY_11w.pdb,-362.472564,0.9358,0
5HNY_12w.pdb,-352.160521,0.9342,0
5HNY_13w.pdb,-391.170348,0.9337,0
5HNY_14w.pdb,-376.998303,0.9358,0
5HNY_15w.pdb,-343.378199,0.9346,0
5HNY_16w.pdb,-364.354395,0.9343,0
5HNY_17w.pdb,-320.460898,0.9308,0
5HNY_18w.pdb,-352.85681,0.9349,0
5HNY_19w.pdb,-332.930367,0.9333,0
5HNY_1w.pdb,-330.656585,0.9348,0
5HNY_20w.pdb,-354.191812,0.9352,0
5HNY_21w.pdb,-350.702166,0.9347,0
5HNY_22w.pdb,-361.587888,0.9361,0
5HNY_23w.pdb,-300.66422,0.9336,0
5HNY_24w.pdb,-331.80943,0.9326,0
5HNY_25w.pdb,-331.128386,0.9347,0
5HNY_26w.pdb,-330.669329,0.9352,0
5HNY_27w.pdb,-369.319699,0.932,0
5HNY_28w.pdb,-349.190424,0.9344,0
5HNY_29w.pdb,-344.712511,0.9347,0
5HNY_2w.pdb,-302.719354,0.9341,2
5HNY_30w.pdb,-354.421921,0.9347,0
5HNY_31w.pdb,-348.084705,0.9346,0
5HNY_32w.pdb,-390.789085,0.9357,0
5HNY_33w.pdb,-401.7752,0.9362,0
5HNY_34w.pdb,-374.465799,0.9352,0
5HNY_35w.pdb,-175.473882,0.9308,0
5HNY_36w.pdb,-302.369584,0.9321,0
5HNY_37w.pdb,-337.306855,0.9337,0
5HNY_38w.pdb,-392.66712,0.9351,0
5HNY_39w.pdb,-401.651196,0.936,0
5HNY_3w.pdb,-338.923121,0.935,0
5HNY_40w.pdb,-358.035648,0.9343,1
5HNY_41w.pdb,1206.3184,0.9212,0
5HNY_42w.pdb,-319.829264,0.9357,1
5HNY_43w.pdb,-324.26683,0.9348,0
5HNY_44w.pdb,-409.908278,0.9357,0
5HNY_45w.pdb,-348.15954,0.9339,0
5HNY_46w.pdb,-331.843643,0.9348,0
5HNY_47w.pdb,-382.9017,0.9343,0
5HNY_48w.pdb,-327.072858,0.9327,0
5HNY_49w.pdb,-390.42506,0.9351,0
5HNY_4w.pdb,-362.404262,0.9352,0
5HNY_50w.pdb,-412.449865,0.9333,0
5HNY_5w.pdb,-328.560322,0.9319,0
5HNY_6w.pdb,-311.752271,0.9317,0
5HNY_7w.pdb,-379.328422,0.9359,0
5HNY_8w.pdb,-370.976327,0.9338,0
5HNY_9w.pdb,-389.439872,0.9346,0
