structure,HADDOCK-score,correlation,atomic-clashes
6N1Q_10w.pdb,-878.4325,0.8659,0
6N1Q_11w.pdb,-796.9601,0.8612,0
6N1Q_12w.pdb,-867.6388,0.8683,0
6N1Q_13w.pdb,-899.2848,0.8841,1
6N1Q_14w.pdb,-893.8007,0.8856,0
6N1Q_15w.pdb,-870.7654,0.8813,0
6N1Q_16w.pdb,-922.9045,0.8856,0
6N1Q_17w.pdb,-897.9249,0.8838,0
6N1Q_18w.pdb,-953.6911,0.8815,1
6N1Q_19w.pdb,-858.6534,0.8679,0
6N1Q_1w.pdb,-957.0742,0.8855,0
6N1Q_20w.pdb,-806.8996,0.8704,0
6N1Q_21w.pdb,-958.6923,0.8795,0
6N1Q_22w.pdb,-880.6508,0.878,0
6N1Q_23w.pdb,-809.3123,0.8779,0
6N1Q_24w.pdb,-837.246,0.8779,0
6N1Q_25w.pdb,-955.0653,0.8908,0
6N1Q_26w.pdb,-880.3953,0.8788,0
6N1Q_27w.pdb,-868.6904,0.8707,0
6N1Q_28w.pdb,-897.0707,0.882,0
6N1Q_29w.pdb,-963.4342,0.8877,0
6N1Q_2w.pdb,-826.8179,0.8812,1
6N1Q_30w.pdb,-835.1613,0.873,0
6N1Q_31w.pdb,-1039.4976,0.8875,0
6N1Q_32w.pdb,-957.54084,0.8815,0
6N1Q_33w.pdb,-888.2381,0.8918,0
6N1Q_34w.pdb,-894.2149,0.884,0
6N1Q_35w.pdb,-1000.7869,0.8847,0
6N1Q_36w.pdb,-1035.5608,0.8929,0
6N1Q_37w.pdb,-831.4044,0.8808,1
6N1Q_38w.pdb,-934.6474,0.8806,0
6N1Q_39w.pdb,-1002.531,0.8851,0
6N1Q_3w.pdb,-982.3296,0.8872,0
6N1Q_40w.pdb,-977.2554,0.8828,1
6N1Q_41w.pdb,-908.2428,0.8735,0
6N1Q_42w.pdb,-944.0905,0.8896,0
6N1Q_43w.pdb,-1029.8203,0.8875,0
6N1Q_44w.pdb,-879.5283,0.8776,0
6N1Q_45w.pdb,-948.446,0.8881,0
6N1Q_46w.pdb,-938.6411,0.8798,0
6N1Q_47w.pdb,-831.8885,0.8769,1
6N1Q_48w.pdb,-977.8229,0.8859,0
6N1Q_49w.pdb,-986.0442,0.8809,0
6N1Q_4w.pdb,-1065.598,0.8869,0
6N1Q_50w.pdb,-988.74143,0.8842,0
6N1Q_5w.pdb,-836.8542,0.878,0
6N1Q_6w.pdb,-880.0285,0.8732,0
6N1Q_7w.pdb,-953.9739,0.8858,0
6N1Q_8w.pdb,-900.6769,0.8762,0
6N1Q_9w.pdb,-933.818,0.864,0
