structure,HADDOCK-score,correlation,atomic-clashes
6N8Z_10w.pdb,-1846.9812,0.9243,0
6N8Z_11w.pdb,-1800.69334,0.9254,0
6N8Z_12w.pdb,-1624.965,0.9223,0
6N8Z_13w.pdb,-1637.2073,0.9241,0
6N8Z_14w.pdb,-1591.962,0.9228,1
6N8Z_15w.pdb,-1746.3717,0.9259,0
6N8Z_16w.pdb,-1670.5045,0.925,0
6N8Z_17w.pdb,-1640.4097,0.9263,1
6N8Z_18w.pdb,-1855.53734,0.9262,2
6N8Z_19w.pdb,-1764.8939,0.9264,1
6N8Z_1w.pdb,-1756.43713,0.9246,2
6N8Z_20w.pdb,-1802.9387,0.9248,0
6N8Z_21w.pdb,-1678.9809,0.9248,1
6N8Z_22w.pdb,-1697.06024,0.9296,2
6N8Z_23w.pdb,-1733.0594,0.9255,1
6N8Z_24w.pdb,-1751.8977,0.9266,0
6N8Z_25w.pdb,-1800.2939,0.9254,1
6N8Z_26w.pdb,-1728.7443,0.9257,1
6N8Z_27w.pdb,-1851.0407,0.9273,0
6N8Z_28w.pdb,-1611.9291,0.9233,0
6N8Z_29w.pdb,-1818.8647,0.9246,2
6N8Z_2w.pdb,-1627.56358,0.9256,0
6N8Z_30w.pdb,-1630.91346,0.9256,1
6N8Z_31w.pdb,-1661.8444,0.9272,2
6N8Z_32w.pdb,-1720.2662,0.927,0
6N8Z_33w.pdb,-1626.72,0.9176,2
6N8Z_34w.pdb,-1901.4016,0.927,0
6N8Z_35w.pdb,-1606.1214,0.9242,0
6N8Z_36w.pdb,-1665.7953,0.9258,0
6N8Z_37w.pdb,-1875.1856,0.9273,1
6N8Z_38w.pdb,-1746.19363,0.926,1
6N8Z_39w.pdb,-1856.5045,0.9271,3
6N8Z_3w.pdb,-1640.1038,0.9249,0
6N8Z_40w.pdb,-1803.1293,0.9273,0
6N8Z_41w.pdb,-1755.2931,0.9264,1
6N8Z_42w.pdb,-1751.9119,0.9261,2
6N8Z_43w.pdb,-1609.1047,0.9236,0
6N8Z_44w.pdb,-1789.5617,0.9265,2
6N8Z_45w.pdb,-1810.4922,0.9264,1
6N8Z_46w.pdb,-1733.7035,0.9235,1
6N8Z_47w.pdb,-1836.1801,0.9255,1
6N8Z_48w.pdb,-1701.3718,0.9251,0
6N8Z_49w.pdb,-1657.7393,0.925,0
6N8Z_4w.pdb,-1806.6583,0.9256,0
6N8Z_50w.pdb,-1733.3894,0.9252,1
6N8Z_5w.pdb,-1697.06024,0.9296,2
6N8Z_6w.pdb,-1690.234,0.9276,0
6N8Z_7w.pdb,-1636.8536,0.9267,0
6N8Z_8w.pdb,-1729.2878,0.9259,0
6N8Z_9w.pdb,-1769.4585,0.9218,0
