structure,HADDOCK-score,correlation,atomic-clashes
6UBY_10w.pdb,705.419409,0.9475,16
6UBY_11w.pdb,777.919656,0.9444,17
6UBY_12w.pdb,693.243811,0.9462,16
6UBY_13w.pdb,763.845856,0.9467,15
6UBY_14w.pdb,792.712866,0.9449,16
6UBY_15w.pdb,699.18841,0.9478,16
6UBY_16w.pdb,688.249299,0.9451,17
6UBY_17w.pdb,757.779171,0.9474,16
6UBY_18w.pdb,665.735325,0.9471,17
6UBY_19w.pdb,631.609125,0.9476,16
6UBY_1w.pdb,696.319151,0.9476,16
6UBY_20w.pdb,743.634635,0.9432,17
6UBY_21w.pdb,758.456739,0.9448,16
6UBY_22w.pdb,701.857062,0.9463,15
6UBY_23w.pdb,657.916142,0.9486,18
6UBY_24w.pdb,687.685306,0.947,17
6UBY_25w.pdb,642.596877,0.9486,16
6UBY_26w.pdb,690.680707,0.9467,16
6UBY_27w.pdb,757.117702,0.9447,17
6UBY_28w.pdb,762.103802,0.947,17
6UBY_29w.pdb,795.92005,0.9442,16
6UBY_2w.pdb,710.359154,0.9449,17
6UBY_30w.pdb,813.619281,0.9431,18
6UBY_31w.pdb,733.941741,0.9454,16
6UBY_32w.pdb,793.452801,0.9443,16
6UBY_33w.pdb,761.489082,0.9473,16
6UBY_34w.pdb,776.932233,0.9447,16
6UBY_35w.pdb,839.066156,0.946,16
6UBY_36w.pdb,733.94873,0.9456,16
6UBY_37w.pdb,2798.217,0.9054,15
6UBY_38w.pdb,701.731614,0.9467,17
6UBY_39w.pdb,707.682894,0.9447,16
6UBY_3w.pdb,772.028968,0.9473,15
6UBY_40w.pdb,735.423789,0.9476,15
6UBY_41w.pdb,705.971773,0.9467,16
6UBY_42w.pdb,724.240993,0.9446,17
6UBY_43w.pdb,684.556149,0.9468,16
6UBY_44w.pdb,715.383992,0.946,15
6UBY_45w.pdb,723.646519,0.9473,16
6UBY_46w.pdb,660.089246,0.9468,15
6UBY_47w.pdb,733.545992,0.944,16
6UBY_48w.pdb,799.018565,0.9441,16
6UBY_49w.pdb,789.136517,0.9447,16
6UBY_4w.pdb,734.170336,0.9474,15
6UBY_50w.pdb,668.399252,0.9443,16
6UBY_5w.pdb,764.942147,0.9467,17
6UBY_6w.pdb,672.770853,0.9482,17
6UBY_7w.pdb,740.711039,0.9482,16
6UBY_8w.pdb,679.19743,0.9478,15
6UBY_9w.pdb,646.049933,0.9495,16
