structure,HADDOCK-score,Helix,Sheet,unordered
5HNY_50w.pdb,-460.2274,40.8,17.7,41.5
5HNY_36w.pdb,-452.166449,40.5,17.8,41.8
5HNY_45w.pdb,-442.72324,41.1,17.7,41.3
5HNY_2w.pdb,-430.690115,41.8,17.2,41.0
