structure,HADDOCK-score,atomic-clashes
6AHF_1.pdb,-1951.83268,4
6AHF_10.pdb,-2578.6303,5
6AHF_11.pdb,-2308.8579,2
6AHF_12.pdb,-2645.1995,0
6AHF_13.pdb,-2348.6141,2
6AHF_14.pdb,-2558.0372,3
6AHF_15.pdb,-1951.83268,4
6AHF_16.pdb,-2804.2505,4
6AHF_17.pdb,-2547.2804,2
6AHF_18.pdb,-2299.5876,1
6AHF_19.pdb,-2390.4149,4
6AHF_2.pdb,-2714.1873,1
6AHF_20.pdb,-2490.3505,1
6AHF_21.pdb,-2303.5674,3
6AHF_22.pdb,-2508.0471,3
6AHF_23.pdb,-2388.1869,2
6AHF_24.pdb,-2569.085,0
6AHF_25.pdb,-2530.9541,1
6AHF_26.pdb,-2233.7647,1
6AHF_27.pdb,-2606.3089,2
6AHF_28.pdb,-2613.5575,1
6AHF_29.pdb,-2158.23,2
6AHF_3.pdb,-2424.109,4
6AHF_30.pdb,-2343.2288,0
6AHF_31.pdb,-2590.9009,1
6AHF_32.pdb,-1951.83268,4
6AHF_33.pdb,-2526.0416,1
6AHF_34.pdb,-2729.8366,3
6AHF_35.pdb,-2162.8524,4
6AHF_36.pdb,-2624.7496,3
6AHF_37.pdb,-2468.4553,1
6AHF_38.pdb,-2476.7794,4
6AHF_39.pdb,-2517.2318,0
6AHF_4.pdb,-2459.8415,1
6AHF_40.pdb,-2461.7115,2
6AHF_41.pdb,-2359.4287,4
6AHF_42.pdb,-2550.0144,2
6AHF_43.pdb,-2680.212,1
6AHF_44.pdb,-2737.8781,3
6AHF_45.pdb,-2430.6023,2
6AHF_46.pdb,-2429.1111,1
6AHF_47.pdb,-2637.4126,4
6AHF_48.pdb,-1951.83268,4
6AHF_49.pdb,-2575.5179,3
6AHF_5.pdb,-2252.1983,3
6AHF_50.pdb,-2501.4692,0
6AHF_6.pdb,-2358.7069,2
6AHF_7.pdb,-2406.3144,1
6AHF_8.pdb,-2058.3735,1
6AHF_9.pdb,-1951.83268,4
