structure,HADDOCK-score,Helix,Sheet,unordered
6UBY_23w.pdb,-1151.215166,40.1,15.4,44.5
6UBY_30w.pdb,-1143.233738,40.0,15.4,44.6
6UBY_36w.pdb,-1137.947926,40.6,15.1,44.3
6UBY_18w.pdb,-1127.443962,40.4,14.9,44.7
