structure,HADDOCK-score,correlation
5GRS_1.pdb,-4054.85447,0.8968
5GRS_10.pdb,-4053.5415,0.8939
5GRS_11.pdb,-3957.90343,0.8957
5GRS_12.pdb,-4008.88521,0.895
5GRS_13.pdb,-4136.56789,0.8953
5GRS_14.pdb,-3896.6777,0.8952
5GRS_15.pdb,-4079.34979,0.8961
5GRS_16.pdb,-4163.68236,0.8966
5GRS_17.pdb,-3950.00371,0.8956
5GRS_18.pdb,-3676.83134,0.8943
5GRS_19.pdb,-3983.2418,0.8955
5GRS_2.pdb,-3929.06015,0.8947
5GRS_20.pdb,-3725.42974,0.8958
5GRS_21.pdb,-4046.10691,0.8947
5GRS_22.pdb,-3849.06335,0.8944
5GRS_23.pdb,-3830.86609,0.8935
5GRS_24.pdb,-4029.81821,0.8962
5GRS_25.pdb,-3885.70456,0.8957
5GRS_26.pdb,-3932.0442,0.8961
5GRS_27.pdb,-3888.96534,0.8934
5GRS_28.pdb,-4013.35249,0.8953
5GRS_29.pdb,-3876.08879,0.8937
5GRS_3.pdb,-3975.97713,0.8952
5GRS_30.pdb,-3822.94838,0.894
5GRS_31.pdb,-3753.63618,0.8946
5GRS_32.pdb,-3770.7154,0.8932
5GRS_33.pdb,-3698.2521,0.8931
5GRS_34.pdb,-4067.01746,0.8958
5GRS_35.pdb,-3703.135,0.8938
5GRS_36.pdb,-3752.85141,0.8953
5GRS_37.pdb,-3968.21795,0.8957
5GRS_38.pdb,-4162.69621,0.8969
5GRS_39.pdb,-3717.7953,0.8922
5GRS_4.pdb,-3763.8117,0.8926
5GRS_40.pdb,-3805.8003,0.8956
5GRS_41.pdb,-3955.94041,0.8969
5GRS_42.pdb,-4102.63167,0.8953
5GRS_43.pdb,-3699.44479,0.8926
5GRS_44.pdb,-3858.9821,0.8936
5GRS_45.pdb,-4024.63155,0.8965
5GRS_46.pdb,-4385.95382,0.8957
5GRS_47.pdb,-3957.47286,0.8951
5GRS_48.pdb,-4006.01838,0.895
5GRS_49.pdb,-3672.3444,0.8938
5GRS_5.pdb,-3846.02673,0.8943
5GRS_50.pdb,-3830.31527,0.8949
5GRS_6.pdb,-4154.43409,0.8929
5GRS_7.pdb,-4055.92243,0.8926
5GRS_8.pdb,-3854.79732,0.8945
5GRS_9.pdb,-4250.6481,0.8979
