structure,HADDOCK-score,atomic-clashes
5HNY_1.pdb,-567.8327,0
5HNY_10.pdb,-706.85064,0
5HNY_11.pdb,-668.99733,0
5HNY_12.pdb,-713.57627,1
5HNY_13.pdb,-739.44819,2
5HNY_14.pdb,-614.2973,0
5HNY_15.pdb,-726.619517,0
5HNY_16.pdb,-721.4735,0
5HNY_17.pdb,-661.06672,0
5HNY_18.pdb,-808.06902,1
5HNY_19.pdb,-642.14473,0
5HNY_2.pdb,-898.76217,2
5HNY_20.pdb,-726.48189,0
5HNY_21.pdb,-682.33861,0
5HNY_22.pdb,-694.63946,0
5HNY_23.pdb,-659.01625,0
5HNY_24.pdb,-683.016618,0
5HNY_25.pdb,-652.6533,0
5HNY_26.pdb,-769.56305,1
5HNY_27.pdb,-721.712,1
5HNY_28.pdb,-665.8528,1
5HNY_29.pdb,-656.72673,0
5HNY_3.pdb,-783.41807,0
5HNY_30.pdb,-732.74101,0
5HNY_31.pdb,-587.32506,0
5HNY_32.pdb,-909.42476,2
5HNY_33.pdb,-745.23848,1
5HNY_34.pdb,-551.9144,1
5HNY_35.pdb,-647.5332,0
5HNY_36.pdb,-764.228069,0
5HNY_37.pdb,-721.55557,0
5HNY_38.pdb,-807.55196,0
5HNY_39.pdb,-791.175644,1
5HNY_4.pdb,-731.36232,0
5HNY_40.pdb,-642.6824,0
5HNY_41.pdb,-731.15124,1
5HNY_42.pdb,-711.28562,0
5HNY_43.pdb,-740.27346,0
5HNY_44.pdb,-770.4349,0
5HNY_45.pdb,-637.1451,0
5HNY_46.pdb,-679.77869,0
5HNY_47.pdb,-609.90969,1
5HNY_48.pdb,-655.04195,0
5HNY_49.pdb,-736.97039,1
5HNY_5.pdb,-554.4016,0
5HNY_50.pdb,-627.5302,0
5HNY_6.pdb,-614.40785,0
5HNY_7.pdb,-594.66393,1
5HNY_8.pdb,-551.40178,0
5HNY_9.pdb,-854.27381,1
