structure,HADDOCK-score,atomic-clashes
6AHF_1.pdb,-2400.8063,3
6AHF_10.pdb,-2377.1787,0
6AHF_11.pdb,-2524.722,2
6AHF_12.pdb,-2148.0473,3
6AHF_13.pdb,-2393.1692,1
6AHF_14.pdb,-2247.2983,2
6AHF_15.pdb,-2721.7575,1
6AHF_16.pdb,-2509.7078,6
6AHF_17.pdb,-2475.69,2
6AHF_18.pdb,-2394.1882,2
6AHF_19.pdb,-2379.0567,4
6AHF_2.pdb,-2334.1608,3
6AHF_20.pdb,-2401.3732,3
6AHF_21.pdb,-2362.2024,1
6AHF_22.pdb,-2679.0287,2
6AHF_23.pdb,-2365.8201,2
6AHF_24.pdb,-1792.45042,4
6AHF_25.pdb,-2208.6881,1
6AHF_26.pdb,-2311.5699,1
6AHF_27.pdb,-2354.1773,3
6AHF_28.pdb,-2208.1502,3
6AHF_29.pdb,-2224.0985,3
6AHF_3.pdb,-1792.45042,4
6AHF_30.pdb,-2124.702,1
6AHF_31.pdb,-2321.0896,2
6AHF_32.pdb,-2435.9878,2
6AHF_33.pdb,-2345.246,2
6AHF_34.pdb,-2181.1167,3
6AHF_35.pdb,-2313.0667,0
6AHF_36.pdb,-2322.3024,3
6AHF_37.pdb,-2536.0934,4
6AHF_38.pdb,-2107.1057,4
6AHF_39.pdb,-2457.3745,3
6AHF_4.pdb,-2363.7235,1
6AHF_40.pdb,-2149.6344,1
6AHF_41.pdb,-2481.3923,0
6AHF_42.pdb,-2328.0101,2
6AHF_43.pdb,-2460.3176,4
6AHF_44.pdb,-2130.3685,1
6AHF_45.pdb,-2251.5462,0
6AHF_46.pdb,-2251.9876,0
6AHF_47.pdb,-2671.5162,3
6AHF_48.pdb,-2583.7514,1
6AHF_49.pdb,-2445.4721,4
6AHF_5.pdb,-2318.767,2
6AHF_50.pdb,-2280.9366,2
6AHF_6.pdb,-2394.0207,4
6AHF_7.pdb,-1792.45042,4
6AHF_8.pdb,-2376.9908,0
6AHF_9.pdb,-2147.8077,0
