structure,HADDOCK-score,atomic-clashes
6ENY_1.pdb,274.53657,15
6ENY_10.pdb,-1488.09006,4
6ENY_11.pdb,140.5427,14
6ENY_12.pdb,237.82204,15
6ENY_13.pdb,-1397.86885,3
6ENY_14.pdb,276.71989,15
6ENY_15.pdb,-1333.16051,2
6ENY_16.pdb,260.35204,15
6ENY_17.pdb,177.93678,16
6ENY_18.pdb,235.381,15
6ENY_19.pdb,112.26824,15
6ENY_2.pdb,253.6179,13
6ENY_20.pdb,156.51622,13
6ENY_21.pdb,158.0616,13
6ENY_22.pdb,53.90283,14
6ENY_23.pdb,119.24631,13
6ENY_24.pdb,82.71578,14
6ENY_25.pdb,126.52399,13
6ENY_26.pdb,176.61521,15
6ENY_27.pdb,176.67206,14
6ENY_28.pdb,133.1342,14
6ENY_29.pdb,30.392,16
6ENY_3.pdb,167.18838,13
6ENY_30.pdb,255.6429,15
6ENY_31.pdb,-1344.5828,1
6ENY_32.pdb,222.0001,13
6ENY_33.pdb,181.9643,15
6ENY_34.pdb,178.19988,13
6ENY_35.pdb,231.5404,13
6ENY_36.pdb,247.6251,13
6ENY_37.pdb,198.7803,13
6ENY_38.pdb,162.4152,12
6ENY_39.pdb,190.96695,13
6ENY_4.pdb,205.05743,15
6ENY_40.pdb,138.83825,14
6ENY_41.pdb,196.44085,16
6ENY_42.pdb,198.22928,15
6ENY_43.pdb,179.90896,15
6ENY_44.pdb,131.76078,13
6ENY_45.pdb,-1246.58552,2
6ENY_46.pdb,229.2799,14
6ENY_47.pdb,264.83352,12
6ENY_48.pdb,222.8015,14
6ENY_49.pdb,226.02799,14
6ENY_5.pdb,133.17327,13
6ENY_50.pdb,186.98326,13
6ENY_6.pdb,203.49845,13
6ENY_7.pdb,316.7798,16
6ENY_8.pdb,144.95759,15
6ENY_9.pdb,143.79104,14
