structure,HADDOCK-score,Helix,Sheet,unordered
5GRS_45w.pdb,-2312.424575,23.7,30.9,45.4
5GRS_44w.pdb,-2301.007961,23.3,31.0,45.7
5GRS_15w.pdb,-2291.991571,23.4,30.9,45.7
5GRS_41w.pdb,-2285.370346,23.7,31.5,44.9
