structure,HADDOCK-score,correlation
5GRS_1.pdb,-4070.34847,0.8947
5GRS_10.pdb,-4233.11385,0.8936
5GRS_11.pdb,-3995.11155,0.8938
5GRS_12.pdb,-4062.35124,0.8917
5GRS_13.pdb,-4187.66991,0.8938
5GRS_14.pdb,-4240.27732,0.8971
5GRS_15.pdb,-4134.26277,0.8947
5GRS_16.pdb,-4077.40931,0.8945
5GRS_17.pdb,-4047.45423,0.896
5GRS_18.pdb,-4039.82661,0.8952
5GRS_19.pdb,-4134.24187,0.8918
5GRS_2.pdb,-4079.60359,0.8932
5GRS_20.pdb,-4224.9396,0.8949
5GRS_21.pdb,-4052.3138,0.895
5GRS_22.pdb,-4074.05096,0.8943
5GRS_23.pdb,-4030.55042,0.8939
5GRS_24.pdb,-4045.7643,0.8952
5GRS_25.pdb,-4309.7779,0.8922
5GRS_26.pdb,-4075.75177,0.8935
5GRS_27.pdb,-4296.04943,0.8925
5GRS_28.pdb,-4083.62968,0.8913
5GRS_29.pdb,-4184.32593,0.8936
5GRS_3.pdb,-4152.39086,0.8923
5GRS_30.pdb,-3852.43113,0.8903
5GRS_31.pdb,-4171.5008,0.8947
5GRS_32.pdb,-4041.12947,0.8925
5GRS_33.pdb,-4081.6605,0.8914
5GRS_34.pdb,-4034.78666,0.8934
5GRS_35.pdb,-4007.91578,0.8915
5GRS_36.pdb,-3970.49995,0.8917
5GRS_37.pdb,-4020.25387,0.8932
5GRS_38.pdb,-3905.86887,0.892
5GRS_39.pdb,-4254.44855,0.8938
5GRS_4.pdb,-3816.15039,0.8891
5GRS_40.pdb,-4301.22356,0.8946
5GRS_41.pdb,-4210.00506,0.8954
5GRS_42.pdb,-4018.40027,0.8929
5GRS_43.pdb,-4257.76689,0.8926
5GRS_44.pdb,-4303.16084,0.8939
5GRS_45.pdb,-4277.27669,0.8932
5GRS_46.pdb,-3830.77126,0.8898
5GRS_47.pdb,-4142.00678,0.8948
5GRS_48.pdb,-4090.2295,0.8937
5GRS_49.pdb,-4014.10103,0.8924
5GRS_5.pdb,-3905.67058,0.8944
5GRS_50.pdb,-4258.44068,0.8962
5GRS_6.pdb,-4229.83957,0.8934
5GRS_7.pdb,-4262.39326,0.8921
5GRS_8.pdb,-3866.77777,0.894
5GRS_9.pdb,-3729.51533,0.8902
