structure,HADDOCK-score,atomic-clashes
6ENY_1.pdb,-1456.11726,1
6ENY_10.pdb,-1427.3391,2
6ENY_11.pdb,-1368.93375,2
6ENY_12.pdb,-1344.87933,0
6ENY_13.pdb,-1361.58338,2
6ENY_14.pdb,-1297.72259,2
6ENY_15.pdb,-1393.26212,2
6ENY_16.pdb,-1447.55084,0
6ENY_17.pdb,-1503.80308,0
6ENY_18.pdb,-1540.26952,2
6ENY_19.pdb,-1308.40952,1
6ENY_2.pdb,-1352.96766,1
6ENY_20.pdb,-1358.06989,1
6ENY_21.pdb,-1319.6886,0
6ENY_22.pdb,-1407.4214,0
6ENY_23.pdb,-1343.12655,3
6ENY_24.pdb,-1457.61909,2
6ENY_25.pdb,-1327.86951,1
6ENY_26.pdb,-1433.65231,3
6ENY_27.pdb,-1372.21806,0
6ENY_28.pdb,-1334.75403,1
6ENY_29.pdb,-1334.84123,2
6ENY_3.pdb,-1310.57027,2
6ENY_30.pdb,-1353.08418,3
6ENY_31.pdb,-1360.12315,1
6ENY_32.pdb,-1473.11749,0
6ENY_33.pdb,-1289.64837,1
6ENY_34.pdb,-1294.46467,1
6ENY_35.pdb,-1339.61847,2
6ENY_36.pdb,-1407.92358,0
6ENY_37.pdb,-1399.01882,2
6ENY_38.pdb,-1311.77247,1
6ENY_39.pdb,-1288.96354,2
6ENY_4.pdb,-663.1512,5
6ENY_40.pdb,-1449.59649,1
6ENY_41.pdb,-1268.65194,0
6ENY_42.pdb,-1359.0089,1
6ENY_43.pdb,-1319.69974,2
6ENY_44.pdb,-1443.02481,2
6ENY_45.pdb,-1295.10131,0
6ENY_46.pdb,-1246.36026,2
6ENY_47.pdb,-1362.68386,1
6ENY_48.pdb,-1375.24823,2
6ENY_49.pdb,-1389.36783,2
6ENY_5.pdb,-1245.23312,1
6ENY_50.pdb,-1353.79772,1
6ENY_6.pdb,-1360.40438,1
6ENY_7.pdb,-1298.18101,2
6ENY_8.pdb,-1381.73161,2
6ENY_9.pdb,-1379.72469,4
