structure,HADDOCK-score,Helix,Sheet,unordered
6IRF_46w.pdb,-1401.63512,37.1,12.5,50.4
6IRF_6w.pdb,-1398.99507,37.2,12.6,50.3
6IRF_48w.pdb,-1384.86294,36.9,12.6,50.4
6IRF_47w.pdb,-1358.48853,36.8,12.7,50.5
