structure,HADDOCK-score,clashscore,ramaoutliers,rotameroutliers,molprobety-score
6UBY_23w.pdb,-1151.215166,10.89,0.51,11.51,2.77
6UBY_30w.pdb,-1143.233738,10.54,0.59,11.33,2.76
6UBY_36w.pdb,-1137.947926,12.14,0.59,13.76,2.89
6UBY_18w.pdb,-1127.443962,13.71,0.82,14.26,2.99
