structure,HADDOCK-score,clashscore,ramaoutliers,rotameroutliers,molprobety-score
6UC0_23w.pdb,-1367.1013,13.18,0.88,14.18,2.97
6UC0_40w.pdb,-1359.3935,13.84,0.66,14.74,2.99
6UC0_37w.pdb,-1351.9253146,14.14,0.88,14.74,3.00
6UC0_43w.pdb,-1344.9482515,14.02,0.91,14.05,2.97
