structure,HADDOCK-score,Helix,Sheet,Turn,Coil,All
em-cg_39w.pdb,5548.6348,1585,507,1739,705,4536
em-cg_40w.pdb,5549.87323,1563,511,1788,693,4555
em-cg_30w.pdb,5568.12496,1569,498,1774,695,4536
em-cg_12w.pdb,5568.1996,1565,491,1788,705,4549
