structure,HADDOCK-score,Helix,Sheet,Turn,Coil,All
em-cg_46w.pdb,-736.75338,1173,191,778,334,2476
em-cg_18w.pdb,-724.55704,1178,192,766,339,2475
em-cg_14w.pdb,-721.9023,1198,186,740,338,2462
em-cg_43w.pdb,-713.94681,1195,187,751,339,2472
