structure,HADDOCK-score,Helix,Sheet,Turn,Coil,All
em-cg_47w.pdb,-1166.859708,764,584,1552,378,3278
em-cg_17w.pdb,-1160.293022,775,580,1541,385,3281
em-cg_20w.pdb,-1159.206783,769,572,1541,388,3270
em-cg_34w.pdb,-1158.914693,776,573,1509,400,3258
