structure,HADDOCK-score,correlation,atomic-clashes
3J95_10w.pdb,-1896.5504,0.9301,0
3J95_11w.pdb,-1915.311,0.9307,1
3J95_12w.pdb,-1891.1573,0.93,1
3J95_13w.pdb,-1962.5734,0.9304,1
3J95_14w.pdb,-1860.4402,0.9309,0
3J95_15w.pdb,-1774.3924,0.9296,1
3J95_16w.pdb,-1783.1938,0.9295,2
3J95_17w.pdb,-1901.5978,0.9305,0
3J95_18w.pdb,-1904.1685,0.9309,0
3J95_19w.pdb,-1803.3666,0.9289,1
3J95_1w.pdb,-1835.50772,0.931,0
3J95_20w.pdb,-1963.1149,0.9294,1
3J95_21w.pdb,-1911.1489,0.9298,0
3J95_22w.pdb,-1857.0529,0.9303,0
3J95_23w.pdb,-2021.8806,0.9314,1
3J95_24w.pdb,-1971.1891,0.9311,3
3J95_25w.pdb,-1787.9306,0.93,0
3J95_26w.pdb,-1944.0022,0.9315,0
3J95_27w.pdb,-1907.7328,0.9291,1
3J95_28w.pdb,-1897.6737,0.9303,2
3J95_29w.pdb,-1894.8355,0.9305,0
3J95_2w.pdb,-1912.0503,0.9314,2
3J95_30w.pdb,-1920.9282,0.9295,0
3J95_31w.pdb,-1893.3943,0.9303,1
3J95_32w.pdb,-2009.9309,0.9287,2
3J95_33w.pdb,-1963.6801,0.931,1
3J95_34w.pdb,-1904.7468,0.9276,1
3J95_35w.pdb,-1816.9841,0.932,2
3J95_36w.pdb,-1878.367,0.9301,0
3J95_37w.pdb,-2022.457,0.9302,0
3J95_38w.pdb,-1796.8741,0.9306,0
3J95_39w.pdb,-1954.2479,0.9293,1
3J95_3w.pdb,-2003.4317,0.9292,0
3J95_40w.pdb,-1870.8463,0.9299,0
3J95_41w.pdb,-1861.2454,0.9303,0
3J95_42w.pdb,-1876.8858,0.9298,1
3J95_43w.pdb,-1835.3304,0.9321,0
3J95_44w.pdb,-1975.4459,0.9307,1
3J95_45w.pdb,-1865.2764,0.9286,0
3J95_46w.pdb,-1971.9725,0.9305,0
3J95_47w.pdb,-1886.565,0.9322,1
3J95_48w.pdb,-1860.6327,0.9307,2
3J95_49w.pdb,-1952.1255,0.9297,0
3J95_4w.pdb,-1934.6551,0.931,0
3J95_50w.pdb,-1620.72374,0.938,1
3J95_5w.pdb,-1862.4474,0.9305,1
3J95_6w.pdb,-1883.2267,0.9268,0
3J95_7w.pdb,-1884.8049,0.9288,0
3J95_8w.pdb,-1967.8812,0.9296,1
3J95_9w.pdb,-1749.8344,0.9311,2
