structure,HADDOCK-score,correlation,atomic-clashes
3J96_10w.pdb,-3830.04322,0.9269,1
3J96_11w.pdb,-3628.6062,0.9252,1
3J96_12w.pdb,-3723.83011,0.9265,0
3J96_13w.pdb,-3900.2169,0.9256,1
3J96_14w.pdb,-3717.3844,0.9272,3
3J96_15w.pdb,-3839.8115,0.9274,0
3J96_16w.pdb,-3774.71713,0.9259,0
3J96_17w.pdb,-3824.0073,0.9278,1
3J96_18w.pdb,-3787.8324,0.9255,2
3J96_19w.pdb,-3763.64109,0.9277,2
3J96_1w.pdb,-3831.4326,0.9255,0
3J96_20w.pdb,-3775.83,0.9262,3
3J96_21w.pdb,-3879.8234,0.9255,2
3J96_22w.pdb,-3770.0605,0.9258,3
3J96_23w.pdb,-3679.87405,0.9247,0
3J96_24w.pdb,-3783.9087,0.9255,1
3J96_25w.pdb,-3892.1627,0.9249,1
3J96_26w.pdb,-3816.58714,0.9259,0
3J96_27w.pdb,-3866.5704,0.9258,0
3J96_28w.pdb,-3703.4316,0.926,0
3J96_29w.pdb,-3776.8437,0.9243,1
3J96_2w.pdb,-3690.4111,0.9248,0
3J96_30w.pdb,-3869.0268,0.9254,1
3J96_31w.pdb,-3785.2153,0.9263,0
3J96_32w.pdb,-3864.9942,0.9259,0
3J96_33w.pdb,-3712.7134,0.9261,0
3J96_34w.pdb,-3794.8485,0.926,1
3J96_35w.pdb,-3819.29123,0.9258,1
3J96_36w.pdb,-3812.6149,0.9268,1
3J96_37w.pdb,-3765.88525,0.9259,1
3J96_38w.pdb,-3760.9767,0.9262,2
3J96_39w.pdb,-3826.7879,0.9269,1
3J96_3w.pdb,-3849.5652,0.9257,0
3J96_40w.pdb,-3806.548,0.9253,0
3J96_41w.pdb,-3861.1129,0.9269,1
3J96_42w.pdb,-3786.3963,0.9245,2
3J96_43w.pdb,-3757.9844,0.923,0
3J96_44w.pdb,-3693.7298,0.9268,1
3J96_45w.pdb,-3707.3019,0.9273,0
3J96_46w.pdb,-3805.28539,0.9271,0
3J96_47w.pdb,-3669.5702,0.9256,2
3J96_48w.pdb,-3783.2069,0.926,3
3J96_49w.pdb,-3661.3959,0.9269,2
3J96_4w.pdb,-3753.5541,0.9253,1
3J96_50w.pdb,-3818.3833,0.9258,3
3J96_5w.pdb,-3692.953,0.9258,0
3J96_6w.pdb,-3719.15,0.9256,2
3J96_7w.pdb,-3741.7699,0.9262,0
3J96_8w.pdb,-3836.9385,0.9252,2
3J96_9w.pdb,-3783.47805,0.9272,3
