structure,HADDOCK-score,correlation,atomic-clashes
5WCB_10w.pdb,-1011.6262,0.8985,0
5WCB_11w.pdb,-982.8043,0.9008,1
5WCB_12w.pdb,-1040.0326,0.8999,0
5WCB_13w.pdb,-947.9679,0.8976,1
5WCB_14w.pdb,-942.22291,0.899,0
5WCB_15w.pdb,-986.02874,0.8985,0
5WCB_16w.pdb,-1006.1314,0.8999,0
5WCB_17w.pdb,-1040.0385,0.8998,1
5WCB_18w.pdb,-1041.3994,0.9007,0
5WCB_19w.pdb,-1087.21766,0.9016,0
5WCB_1w.pdb,-1044.28555,0.8995,0
5WCB_20w.pdb,-1079.6879,0.8995,0
5WCB_21w.pdb,-1037.28826,0.9007,0
5WCB_22w.pdb,-1016.2674,0.9001,0
5WCB_23w.pdb,-1006.5972,0.9,1
5WCB_24w.pdb,-962.9049,0.9008,0
5WCB_25w.pdb,-980.5124,0.8988,0
5WCB_26w.pdb,-1024.30977,0.8984,0
5WCB_27w.pdb,-1005.71692,0.8996,0
5WCB_28w.pdb,-1089.15839,0.8991,0
5WCB_29w.pdb,-1029.9198,0.9,0
5WCB_2w.pdb,-992.0929,0.9016,0
5WCB_30w.pdb,-966.1637,0.8993,0
5WCB_31w.pdb,-1020.9213,0.8992,0
5WCB_32w.pdb,-1068.4179,0.9016,0
5WCB_33w.pdb,-1013.33031,0.8994,0
5WCB_34w.pdb,-1036.4138,0.9019,0
5WCB_35w.pdb,-1036.552,0.9016,0
5WCB_36w.pdb,-997.73943,0.8985,0
5WCB_37w.pdb,-937.0417,0.8973,0
5WCB_38w.pdb,-970.1912,0.8976,0
5WCB_39w.pdb,-1037.90901,0.8991,0
5WCB_3w.pdb,-1038.176,0.8994,0
5WCB_40w.pdb,-1035.8523,0.8995,0
5WCB_41w.pdb,-1032.9812,0.9015,0
5WCB_42w.pdb,-980.7958,0.8998,1
5WCB_43w.pdb,-1047.1078,0.8999,0
5WCB_44w.pdb,-951.27901,0.8993,0
5WCB_45w.pdb,-1002.8201,0.9012,0
5WCB_46w.pdb,-1014.48437,0.8988,0
5WCB_47w.pdb,-989.3273,0.8968,0
5WCB_48w.pdb,-966.9269,0.8994,0
5WCB_49w.pdb,-1051.5986,0.8985,0
5WCB_4w.pdb,-1025.57542,0.9009,0
5WCB_50w.pdb,-1037.04116,0.899,0
5WCB_5w.pdb,-1000.97079,0.8996,1
5WCB_6w.pdb,-1026.5965,0.8973,0
5WCB_7w.pdb,-958.73154,0.8999,0
5WCB_8w.pdb,-977.59816,0.9009,0
5WCB_9w.pdb,-1046.69778,0.8998,0
