structure,HADDOCK-score,correlation,atomic-clashes
6AHF_10w.pdb,1034.8721,0.8802,20
6AHF_11w.pdb,1072.8217,0.8712,21
6AHF_12w.pdb,1152.2934,0.8753,21
6AHF_13w.pdb,1078.5988,0.8698,20
6AHF_14w.pdb,1230.49417,0.8951,22
6AHF_15w.pdb,1226.38305,0.8952,22
6AHF_16w.pdb,1150.2151,0.8718,20
6AHF_17w.pdb,1184.739,0.8752,20
6AHF_18w.pdb,1146.3151,0.869,20
6AHF_19w.pdb,1185.7567,0.8696,22
6AHF_1w.pdb,1080.7907,0.8785,20
6AHF_20w.pdb,1093.4947,0.87,20
6AHF_21w.pdb,1122.1983,0.8765,22
6AHF_22w.pdb,1119.7682,0.8692,20
6AHF_23w.pdb,1153.0773,0.8699,20
6AHF_24w.pdb,1087.2676,0.8707,21
6AHF_25w.pdb,956.7734,0.8785,21
6AHF_26w.pdb,1149.3859,0.8767,20
6AHF_27w.pdb,1227.253,0.862,20
6AHF_28w.pdb,1243.33017,0.8951,22
6AHF_29w.pdb,1126.4353,0.8701,20
6AHF_2w.pdb,1250.81581,0.8951,22
6AHF_30w.pdb,1205.4171,0.8673,20
6AHF_31w.pdb,1154.6848,0.8657,21
6AHF_32w.pdb,1170.459,0.8592,21
6AHF_33w.pdb,1241.15936,0.8951,22
6AHF_34w.pdb,1073.5662,0.869,21
6AHF_35w.pdb,1239.20604,0.8952,22
6AHF_36w.pdb,1169.3393,0.8775,20
6AHF_37w.pdb,1240.79759,0.8952,22
6AHF_38w.pdb,1170.2658,0.8739,21
6AHF_39w.pdb,1094.04,0.8763,21
6AHF_3w.pdb,1117.6862,0.8815,20
6AHF_40w.pdb,1102.9053,0.8751,20
6AHF_41w.pdb,-980.46,0.8727,0
6AHF_42w.pdb,1238.70302,0.8951,22
6AHF_43w.pdb,1156.5091,0.8734,21
6AHF_44w.pdb,1121.5647,0.872,21
6AHF_45w.pdb,1107.633,0.8737,20
6AHF_46w.pdb,1183.7667,0.881,21
6AHF_47w.pdb,1212.5336,0.8707,21
6AHF_48w.pdb,1071.214,0.8769,20
6AHF_49w.pdb,1147.4202,0.867,20
6AHF_4w.pdb,1153.8708,0.8719,20
6AHF_50w.pdb,1205.1371,0.8751,21
6AHF_5w.pdb,1102.5418,0.8694,20
6AHF_6w.pdb,979.4175,0.8676,21
6AHF_7w.pdb,1158.3953,0.8753,20
6AHF_8w.pdb,1242.48281,0.895,22
6AHF_9w.pdb,1160.7223,0.8721,20
