structure,HADDOCK-score,correlation,atomic-clashes
6ENY_10w.pdb,-623.8782,0.8816,0
6ENY_11w.pdb,-656.52712,0.8844,0
6ENY_12w.pdb,-663.06725,0.8847,0
6ENY_13w.pdb,-623.65102,0.8854,1
6ENY_14w.pdb,-672.48028,0.8835,0
6ENY_15w.pdb,-694.55901,0.8846,0
6ENY_16w.pdb,-416.7249,0.8288,1
6ENY_17w.pdb,-682.844,0.8853,0
6ENY_18w.pdb,-696.02213,0.8854,1
6ENY_19w.pdb,-436.0201,0.8272,1
6ENY_1w.pdb,-664.63403,0.8853,0
6ENY_20w.pdb,-634.45994,0.8857,0
6ENY_21w.pdb,-619.81935,0.8854,0
6ENY_22w.pdb,-694.65421,0.8847,0
6ENY_23w.pdb,-678.46098,0.883,0
6ENY_24w.pdb,-685.89567,0.8853,0
6ENY_25w.pdb,-619.41916,0.8831,1
6ENY_26w.pdb,-668.1386,0.8845,0
6ENY_27w.pdb,-639.70792,0.8862,0
6ENY_28w.pdb,-211.4956,0.8239,0
6ENY_29w.pdb,-664.05188,0.8845,0
6ENY_2w.pdb,-638.84981,0.8835,0
6ENY_30w.pdb,-637.40348,0.8859,0
6ENY_3w.pdb,-615.92146,0.8859,0
6ENY_4w.pdb,-561.646,0.8417,0
6ENY_5w.pdb,-625.74852,0.884,0
6ENY_6w.pdb,-657.9194,0.8848,0
6ENY_7w.pdb,-668.72971,0.885,0
6ENY_8w.pdb,-650.43062,0.8857,0
6ENY_9w.pdb,-713.985,0.8841,0
