structure,HADDOCK-score,correlation,atomic-clashes
6N1Q_10w.pdb,4077.9142,0.891,33
6N1Q_11w.pdb,5824.2781,0.8898,44
6N1Q_12w.pdb,4017.2011,0.8962,31
6N1Q_13w.pdb,4036.6955,0.8941,32
6N1Q_14w.pdb,5648.22512,0.9051,44
6N1Q_15w.pdb,4057.0878,0.8884,34
6N1Q_16w.pdb,5809.4233,0.8938,44
6N1Q_17w.pdb,4022.02433,0.8923,34
6N1Q_18w.pdb,4028.45929,0.8851,32
6N1Q_19w.pdb,4024.9814,0.8894,32
6N1Q_1w.pdb,5755.77683,0.8938,45
6N1Q_20w.pdb,3966.0652,0.8841,33
6N1Q_21w.pdb,5653.52461,0.9053,44
6N1Q_22w.pdb,2423.4786,0.8805,22
6N1Q_23w.pdb,4079.87875,0.8904,32
6N1Q_24w.pdb,4063.3719,0.8883,32
6N1Q_25w.pdb,3995.79307,0.8922,34
6N1Q_26w.pdb,4132.9885,0.8863,33
6N1Q_27w.pdb,2361.7854,0.8913,22
6N1Q_28w.pdb,5769.95537,0.8998,44
6N1Q_29w.pdb,608.4529,0.8893,12
6N1Q_2w.pdb,5750.53024,0.8983,43
6N1Q_30w.pdb,5799.91652,0.8874,44
6N1Q_3w.pdb,2375.3828,0.8912,22
6N1Q_4w.pdb,5715.16683,0.8929,42
6N1Q_5w.pdb,4041.09915,0.8876,32
6N1Q_6w.pdb,3958.04209,0.8915,32
6N1Q_7w.pdb,5635.39338,0.9046,44
6N1Q_8w.pdb,2307.6875,0.893,22
6N1Q_9w.pdb,5705.67516,0.8954,45
