structure,HADDOCK-score,correlation
3J95_1.pdb,-3499.5796,0.9307
3J95_10.pdb,-3405.665017,0.9298
3J95_11.pdb,-3685.747,0.9317
3J95_12.pdb,-3439.0615,0.9313
3J95_13.pdb,-3305.9498,0.9301
3J95_14.pdb,-3123.1251,0.931
3J95_15.pdb,-3508.1813,0.9333
3J95_16.pdb,-3764.0506,0.9319
3J95_17.pdb,-3549.0066,0.9314
3J95_18.pdb,-3389.0297,0.9293
3J95_19.pdb,-3479.2152,0.93
3J95_2.pdb,-3577.2612,0.9309
3J95_20.pdb,-3672.937,0.9308
3J95_21.pdb,-3408.4119,0.931
3J95_22.pdb,-3340.9118,0.9277
3J95_23.pdb,-3604.6014,0.9301
3J95_24.pdb,-3518.9086,0.9312
3J95_25.pdb,-3443.7648,0.9297
3J95_26.pdb,-3383.4779,0.9304
3J95_27.pdb,-3258.361,0.9276
3J95_28.pdb,-3476.7597,0.9306
3J95_29.pdb,-3499.8328,0.9293
3J95_3.pdb,-3309.5085,0.9282
3J95_30.pdb,-3466.2743,0.9302
3J95_31.pdb,-3197.02932,0.93
3J95_32.pdb,-3579.8471,0.9302
3J95_33.pdb,-3503.2923,0.9301
3J95_34.pdb,-3477.3028,0.9307
3J95_35.pdb,-3553.0501,0.9301
3J95_36.pdb,-3360.617,0.931
3J95_37.pdb,-3527.6204,0.9303
3J95_38.pdb,-3577.3397,0.9305
3J95_39.pdb,-3543.4981,0.9307
3J95_4.pdb,-3428.9094,0.9282
3J95_40.pdb,-3598.5039,0.9306
3J95_41.pdb,-3243.0687,0.9319
3J95_42.pdb,-3391.0847,0.9307
3J95_43.pdb,-3432.1793,0.9306
3J95_44.pdb,-3456.5596,0.9301
3J95_45.pdb,-3441.083,0.9286
3J95_46.pdb,-3435.9914,0.93
3J95_47.pdb,-3376.4366,0.9286
3J95_48.pdb,-3470.2694,0.929
3J95_49.pdb,-3778.4118,0.9317
3J95_5.pdb,-3388.8266,0.9328
3J95_50.pdb,-3497.9798,0.9323
3J95_6.pdb,-3520.4693,0.9294
3J95_7.pdb,-3288.7752,0.9295
3J95_8.pdb,-3465.533,0.9304
3J95_9.pdb,-3365.9167,0.931
