structure,HADDOCK-score,correlation
5WCB_1.pdb,-2138.1909,0.9001
5WCB_10.pdb,-2347.8476,0.9014
5WCB_11.pdb,-2002.1461,0.902
5WCB_12.pdb,-2258.3724,0.9031
5WCB_13.pdb,-2100.1818,0.9002
5WCB_14.pdb,-2234.4542,0.9019
5WCB_15.pdb,-2187.585,0.9035
5WCB_16.pdb,-2056.4068,0.9
5WCB_17.pdb,-2013.0264,0.9013
5WCB_18.pdb,-2067.3438,0.9013
5WCB_19.pdb,-2068.9998,0.9031
5WCB_2.pdb,-2036.373,0.8988
5WCB_20.pdb,-2169.1827,0.9003
5WCB_21.pdb,-2038.3691,0.9002
5WCB_22.pdb,-2225.4742,0.8997
5WCB_23.pdb,-1980.4968,0.8997
5WCB_24.pdb,-2143.4929,0.9023
5WCB_25.pdb,-2139.8361,0.9008
5WCB_26.pdb,-2130.39419,0.9027
5WCB_27.pdb,-2034.3039,0.9006
5WCB_28.pdb,-2109.8105,0.9011
5WCB_29.pdb,-2111.2908,0.901
5WCB_3.pdb,-2205.506,0.8993
5WCB_30.pdb,-2155.1375,0.903
5WCB_31.pdb,-2124.9619,0.9034
5WCB_32.pdb,-2188.0849,0.9009
5WCB_33.pdb,-2198.52079,0.9027
5WCB_34.pdb,-2141.2642,0.9008
5WCB_35.pdb,-2185.2856,0.9019
5WCB_36.pdb,-1985.6777,0.9
5WCB_37.pdb,-2297.1448,0.9028
5WCB_38.pdb,-2065.3721,0.9018
5WCB_39.pdb,-2080.1285,0.9011
5WCB_4.pdb,-2121.1811,0.9027
5WCB_40.pdb,-2196.7276,0.9005
5WCB_41.pdb,-2233.5636,0.9023
5WCB_42.pdb,-2065.4654,0.902
5WCB_43.pdb,-2226.23073,0.9026
5WCB_44.pdb,-2108.46915,0.903
5WCB_45.pdb,-2180.841,0.9024
5WCB_46.pdb,-2150.3852,0.9024
5WCB_47.pdb,-2073.9597,0.8987
5WCB_48.pdb,-1926.7886,0.9
5WCB_49.pdb,-2089.8935,0.9005
5WCB_5.pdb,-2094.1514,0.9011
5WCB_50.pdb,-2004.7868,0.9023
5WCB_6.pdb,-2241.1908,0.8994
5WCB_7.pdb,-1985.4544,0.9008
5WCB_8.pdb,-1992.2937,0.9024
5WCB_9.pdb,-2226.48498,0.9009
