structure,HADDOCK-score,correlation,atomic-clashes
5GRS_10w.pdb,-1673.44771,0.7852,1
5GRS_11w.pdb,-1630.58429,0.7859,1
5GRS_12w.pdb,-1636.40539,0.7856,1
5GRS_13w.pdb,-1608.533457,0.7854,1
5GRS_14w.pdb,-1685.26277,0.7828,0
5GRS_15w.pdb,-1635.07859,0.7849,0
5GRS_16w.pdb,-1592.27045,0.7705,2
5GRS_17w.pdb,-1662.497005,0.7862,0
5GRS_18w.pdb,-1658.92854,0.7846,1
5GRS_19w.pdb,-1636.59204,0.7833,0
5GRS_1w.pdb,-1657.20426,0.7852,0
5GRS_20w.pdb,-1652.52017,0.7862,0
5GRS_21w.pdb,-1654.21326,0.7861,0
5GRS_22w.pdb,-1583.96675,0.7813,1
5GRS_23w.pdb,-1606.87576,0.7845,0
5GRS_24w.pdb,-1579.3335,0.7842,0
5GRS_25w.pdb,-1699.851339,0.784,0
5GRS_26w.pdb,-1584.97284,0.786,0
5GRS_27w.pdb,-1664.21103,0.7841,1
5GRS_28w.pdb,-1662.9245,0.7866,0
5GRS_29w.pdb,-1676.59122,0.784,0
5GRS_2w.pdb,-1605.779808,0.7851,0
5GRS_30w.pdb,-1630.17626,0.7852,1
5GRS_31w.pdb,-1673.56571,0.7822,0
5GRS_32w.pdb,-1587.87201,0.7845,0
5GRS_33w.pdb,-1597.79781,0.787,1
5GRS_34w.pdb,-1616.11235,0.7852,0
5GRS_35w.pdb,-1669.99543,0.7846,1
5GRS_36w.pdb,-1718.782588,0.7836,1
5GRS_37w.pdb,-1553.19731,0.7838,0
5GRS_38w.pdb,-1564.9243,0.7852,0
5GRS_39w.pdb,-1636.93625,0.7869,0
5GRS_3w.pdb,-1624.00254,0.7845,1
5GRS_40w.pdb,-1749.26069,0.7863,0
5GRS_41w.pdb,-1641.48679,0.7824,0
5GRS_42w.pdb,-1609.65892,0.7864,0
5GRS_43w.pdb,-1642.411792,0.7802,0
5GRS_44w.pdb,-1650.39691,0.7877,0
5GRS_45w.pdb,-1700.30119,0.7819,0
5GRS_46w.pdb,-1716.79755,0.7855,1
5GRS_47w.pdb,-1612.461809,0.7843,1
5GRS_48w.pdb,-1610.43211,0.7853,0
5GRS_49w.pdb,-1679.21303,0.7848,0
5GRS_4w.pdb,-1633.75431,0.7837,0
5GRS_50w.pdb,-1594.66508,0.7856,0
5GRS_5w.pdb,-1627.09997,0.787,2
5GRS_6w.pdb,-1721.787097,0.7859,0
5GRS_7w.pdb,-1634.2584,0.7851,0
5GRS_8w.pdb,-1639.56853,0.786,1
5GRS_9w.pdb,-1648.40673,0.785,0
