structure,HADDOCK-score,correlation,atomic-clashes
5WCB_10w.pdb,-812.2486,0.8967,1
5WCB_11w.pdb,-816.58127,0.895,0
5WCB_12w.pdb,-888.62138,0.8975,0
5WCB_13w.pdb,-848.56154,0.8962,0
5WCB_14w.pdb,-811.17682,0.895,0
5WCB_15w.pdb,-840.4476,0.8984,0
5WCB_16w.pdb,-909.93626,0.8978,1
5WCB_17w.pdb,-841.93433,0.8969,0
5WCB_18w.pdb,-874.59013,0.8952,0
5WCB_19w.pdb,-756.95125,0.8936,0
5WCB_1w.pdb,-806.8233,0.8975,0
5WCB_20w.pdb,-843.4161,0.8963,0
5WCB_21w.pdb,-787.9581,0.8973,0
5WCB_22w.pdb,-877.2518,0.8962,0
5WCB_23w.pdb,-804.2888,0.8973,0
5WCB_24w.pdb,-812.24756,0.8965,0
5WCB_25w.pdb,-778.85871,0.8936,0
5WCB_26w.pdb,-875.24354,0.8986,0
5WCB_27w.pdb,-722.03519,0.8933,0
5WCB_28w.pdb,-878.87798,0.8972,0
5WCB_29w.pdb,-834.41429,0.8975,0
5WCB_2w.pdb,-863.93851,0.8982,1
5WCB_30w.pdb,-907.60497,0.8983,0
5WCB_31w.pdb,-892.27915,0.8976,0
5WCB_32w.pdb,-836.6736,0.8929,0
5WCB_33w.pdb,-805.7773,0.895,0
5WCB_34w.pdb,-820.8421,0.897,0
5WCB_35w.pdb,-873.6265,0.8967,0
5WCB_36w.pdb,-804.04928,0.8954,0
5WCB_37w.pdb,-839.25262,0.8981,0
5WCB_38w.pdb,-897.66623,0.8977,1
5WCB_39w.pdb,-794.4146,0.8952,0
5WCB_3w.pdb,-899.9265,0.8966,0
5WCB_40w.pdb,-928.25507,0.8989,0
5WCB_41w.pdb,-819.0838,0.895,0
5WCB_42w.pdb,-812.98141,0.8949,1
5WCB_43w.pdb,-868.71039,0.898,1
5WCB_44w.pdb,-810.3619,0.8948,0
5WCB_45w.pdb,-838.5038,0.8952,0
5WCB_46w.pdb,-828.8375,0.8953,0
5WCB_47w.pdb,-816.77046,0.8962,0
5WCB_48w.pdb,-748.1629,0.8923,0
5WCB_49w.pdb,-845.53028,0.8971,1
5WCB_4w.pdb,-840.08191,0.8961,1
5WCB_50w.pdb,-731.9956,0.894,0
5WCB_5w.pdb,-812.4448,0.8962,1
5WCB_6w.pdb,-847.37767,0.8971,0
5WCB_7w.pdb,-829.6586,0.8948,0
5WCB_8w.pdb,-800.9662,0.8937,0
5WCB_9w.pdb,-823.0446,0.893,0
