structure,HADDOCK-score,correlation,atomic-clashes
6ACG_10w.pdb,-1428.16211,0.853,0
6ACG_11w.pdb,-1293.36952,0.853,1
6ACG_12w.pdb,-1462.8099,0.8545,0
6ACG_13w.pdb,-1287.26373,0.8519,0
6ACG_14w.pdb,-1405.32625,0.8552,0
6ACG_15w.pdb,-1303.99085,0.8538,0
6ACG_16w.pdb,-1372.09433,0.8539,0
6ACG_17w.pdb,-1258.63716,0.8511,0
6ACG_18w.pdb,-1271.82305,0.8499,0
6ACG_19w.pdb,-1343.65616,0.8546,0
6ACG_1w.pdb,-1250.23347,0.8525,0
6ACG_20w.pdb,-1450.65069,0.8555,0
6ACG_21w.pdb,-1419.71864,0.8522,0
6ACG_22w.pdb,-1359.49239,0.8544,0
6ACG_23w.pdb,-1412.84597,0.8531,0
6ACG_24w.pdb,-1466.16095,0.8561,0
6ACG_25w.pdb,-1359.1867,0.8543,0
6ACG_26w.pdb,-1291.00732,0.8516,0
6ACG_27w.pdb,-1444.4458,0.8554,0
6ACG_28w.pdb,-1448.80192,0.854,0
6ACG_29w.pdb,-1281.25781,0.8524,0
6ACG_2w.pdb,-1368.67242,0.8544,0
6ACG_30w.pdb,-1285.87417,0.8537,0
6ACG_31w.pdb,-1352.30513,0.854,0
6ACG_32w.pdb,-1300.68928,0.8515,0
6ACG_33w.pdb,-1432.50097,0.8548,0
6ACG_34w.pdb,-1283.7692,0.8501,0
6ACG_35w.pdb,-1268.92153,0.8511,0
6ACG_36w.pdb,-1276.57154,0.8536,0
6ACG_37w.pdb,-1308.47141,0.8557,0
6ACG_38w.pdb,-1322.37359,0.8572,0
6ACG_39w.pdb,-1451.89625,0.8548,0
6ACG_3w.pdb,-1218.2959,0.8518,0
6ACG_40w.pdb,-1385.14288,0.8534,0
6ACG_41w.pdb,-1379.40737,0.8534,0
6ACG_42w.pdb,-1378.38788,0.8542,0
6ACG_43w.pdb,-1360.89104,0.8531,0
6ACG_44w.pdb,-1292.19395,0.8547,1
6ACG_45w.pdb,-1338.17125,0.85,2
6ACG_46w.pdb,-1506.21384,0.8563,0
6ACG_47w.pdb,-1419.63108,0.8551,0
6ACG_48w.pdb,-1318.10869,0.8527,0
6ACG_49w.pdb,-1290.61006,0.8534,0
6ACG_4w.pdb,-1373.92799,0.8532,0
6ACG_50w.pdb,-1366.7822,0.8532,0
6ACG_5w.pdb,-1471.88019,0.8536,0
6ACG_6w.pdb,-1380.36581,0.8536,0
6ACG_7w.pdb,-1406.62847,0.8532,0
6ACG_8w.pdb,-1282.76479,0.8511,0
6ACG_9w.pdb,-1490.63617,0.8587,0
