structure,HADDOCK-score,correlation,atomic-clashes
6IRF_10w.pdb,-1227.53495,0.8824,1
6IRF_11w.pdb,-1149.00667,0.8813,0
6IRF_12w.pdb,-1200.72139,0.8836,1
6IRF_13w.pdb,-1146.33829,0.8823,0
6IRF_14w.pdb,-1195.8919,0.8822,0
6IRF_15w.pdb,-1121.58708,0.8805,1
6IRF_16w.pdb,-1321.98307,0.8848,0
6IRF_17w.pdb,-1171.03447,0.8817,1
6IRF_18w.pdb,-1161.96237,0.8826,1
6IRF_19w.pdb,-1177.80454,0.8824,2
6IRF_1w.pdb,-1227.01779,0.8835,0
6IRF_20w.pdb,-1257.93123,0.8845,1
6IRF_21w.pdb,-1326.98324,0.8854,1
6IRF_22w.pdb,-1287.65919,0.8827,2
6IRF_23w.pdb,-1224.99169,0.8843,2
6IRF_24w.pdb,-1189.98525,0.8822,0
6IRF_25w.pdb,-1132.80778,0.8824,1
6IRF_26w.pdb,-1289.24557,0.883,1
6IRF_27w.pdb,-1268.49294,0.883,1
6IRF_28w.pdb,-1297.71884,0.8836,1
6IRF_29w.pdb,-1270.66453,0.8834,1
6IRF_2w.pdb,-1268.07092,0.8817,1
6IRF_30w.pdb,-1294.72393,0.8825,2
6IRF_31w.pdb,-1275.20819,0.8856,1
6IRF_32w.pdb,-1251.95716,0.8835,0
6IRF_33w.pdb,-1158.14331,0.8801,1
6IRF_34w.pdb,-1173.71449,0.881,1
6IRF_35w.pdb,-1253.71788,0.8814,3
6IRF_36w.pdb,-1298.3677,0.8851,0
6IRF_37w.pdb,-1141.44564,0.8826,1
6IRF_38w.pdb,-1252.50206,0.8792,1
6IRF_39w.pdb,-1180.59662,0.8827,1
6IRF_3w.pdb,-1256.3902,0.8845,0
6IRF_40w.pdb,-1121.93166,0.8805,0
6IRF_41w.pdb,-1162.28107,0.88,1
6IRF_42w.pdb,-1286.08026,0.8821,1
6IRF_43w.pdb,-1246.75941,0.8812,0
6IRF_44w.pdb,-1197.14258,0.8819,2
6IRF_45w.pdb,-1215.17714,0.8801,0
6IRF_46w.pdb,-1087.81305,0.8789,1
6IRF_47w.pdb,-1204.06883,0.8825,0
6IRF_48w.pdb,-1286.18493,0.8847,1
6IRF_49w.pdb,-1214.77118,0.8818,1
6IRF_4w.pdb,-1257.95877,0.883,1
6IRF_50w.pdb,-1219.44566,0.8815,2
6IRF_5w.pdb,-1272.03335,0.8831,1
6IRF_6w.pdb,-1273.12573,0.8832,0
6IRF_7w.pdb,-1322.04014,0.886,1
6IRF_8w.pdb,-1270.72645,0.8832,0
6IRF_9w.pdb,-1205.14787,0.8824,1
