structure,HADDOCK-score,correlation,atomic-clashes
6N8T_10w.pdb,-2061.41311,0.8806,2
6N8T_11w.pdb,-2096.0957,0.8746,1
6N8T_12w.pdb,-2061.41311,0.8806,2
6N8T_13w.pdb,-1970.8014,0.8676,0
6N8T_14w.pdb,-1865.8532,0.8699,1
6N8T_15w.pdb,-1923.7886,0.8703,0
6N8T_16w.pdb,-1698.2721,0.8619,1
6N8T_17w.pdb,-1943.2247,0.8699,0
6N8T_18w.pdb,-1763.4037,0.8671,0
6N8T_19w.pdb,-1842.2209,0.8678,0
6N8T_1w.pdb,-1850.7101,0.8709,0
6N8T_20w.pdb,-1986.3207,0.8731,1
6N8T_21w.pdb,-1847.6852,0.8709,0
6N8T_22w.pdb,-1766.97627,0.8661,1
6N8T_23w.pdb,-1870.3444,0.8681,0
6N8T_24w.pdb,-1838.1173,0.8711,0
6N8T_25w.pdb,-1894.1702,0.8664,1
6N8T_26w.pdb,-1940.915,0.869,0
6N8T_27w.pdb,-1808.775,0.8669,0
6N8T_28w.pdb,-1775.0997,0.868,2
6N8T_29w.pdb,-1832.9342,0.8688,0
6N8T_2w.pdb,-2061.41311,0.8806,2
6N8T_30w.pdb,-2031.6805,0.8741,0
6N8T_31w.pdb,-2061.41311,0.8806,2
6N8T_32w.pdb,-2096.7368,0.87,0
6N8T_33w.pdb,-1899.9839,0.8652,1
6N8T_34w.pdb,-1994.9431,0.8727,0
6N8T_35w.pdb,-2092.5634,0.8776,1
6N8T_36w.pdb,-1765.0484,0.8696,0
6N8T_37w.pdb,-1747.0529,0.8672,0
6N8T_38w.pdb,-2158.81486,0.8747,1
6N8T_39w.pdb,-2061.41311,0.8806,2
6N8T_3w.pdb,-1804.623,0.8689,0
6N8T_40w.pdb,-1858.97521,0.8707,0
6N8T_41w.pdb,-1933.2788,0.873,0
6N8T_42w.pdb,-1978.1969,0.8735,0
6N8T_43w.pdb,-1856.0746,0.8696,0
6N8T_44w.pdb,-2061.41311,0.8806,2
6N8T_45w.pdb,-1891.6916,0.8644,0
6N8T_46w.pdb,-2070.1502,0.8725,2
6N8T_47w.pdb,-2061.41311,0.8806,2
6N8T_48w.pdb,-1869.2668,0.8705,2
6N8T_49w.pdb,-1837.5562,0.8709,0
6N8T_4w.pdb,-1757.4595,0.8648,1
6N8T_50w.pdb,-1926.8999,0.8682,0
6N8T_5w.pdb,-1794.4448,0.871,0
6N8T_6w.pdb,-1938.4145,0.8696,1
6N8T_7w.pdb,-2004.7619,0.8746,0
6N8T_8w.pdb,-1864.5081,0.873,0
6N8T_9w.pdb,-1877.4336,0.868,0
